Code Point,Character,UTF-8 (Hex),Emacs Key Press,Block
"U+2200","∀","E28880","C-x 8 RET 2200 RET","Mathematical Operators (U+2200 to U+22FF)" 
"U+2201","∁","E28881","C-x 8 RET 2201 RET","Mathematical Operators (U+2200 to U+22FF)" 
"U+2202","∂","E28882","C-x 8 RET 2202 RET","Mathematical Operators (U+2200 to U+22FF)" 
"U+2203","∃","E28883","C-x 8 RET 2203 RET","Mathematical Operators (U+2200 to U+22FF)" 
"U+2204","∄","E28884","C-x 8 RET 2204 RET","Mathematical Operators (U+2200 to U+22FF)" 
"U+2205","∅","E28885","C-x 8 RET 2205 RET","Mathematical Operators (U+2200 to U+22FF)" 
"U+2206","∆","E28886","C-x 8 RET 2206 RET","Mathematical Operators (U+2200 to U+22FF)" 
"U+2207","∇","E28887","C-x 8 RET 2207 RET","Mathematical Operators (U+2200 to U+22FF)" 
"U+2208","∈","E28888","C-x 8 RET 2208 RET","Mathematical Operators (U+2200 to U+22FF)" 
"U+2209","∉","E28889","C-x 8 RET 2209 RET","Mathematical Operators (U+2200 to U+22FF)" 
"U+220A","∊","E2888A","C-x 8 RET 220A RET","Mathematical Operators (U+2200 to U+22FF)" 
"U+220B","∋","E2888B","C-x 8 RET 220B RET","Mathematical Operators (U+2200 to U+22FF)" 
"U+220C","∌","E2888C","C-x 8 RET 220C RET","Mathematical Operators (U+2200 to U+22FF)" 
"U+220D","∍","E2888D","C-x 8 RET 220D RET","Mathematical Operators (U+2200 to U+22FF)" 
"U+220E","∎","E2888E","C-x 8 RET 220E RET","Mathematical Operators (U+2200 to U+22FF)" 
"U+220F","∏","E2888F","C-x 8 RET 220F RET","Mathematical Operators (U+2200 to U+22FF)" 
"U+2210","∐","E28890","C-x 8 RET 2210 RET","Mathematical Operators (U+2200 to U+22FF)" 
"U+2211","∑","E28891","C-x 8 RET 2211 RET","Mathematical Operators (U+2200 to U+22FF)" 
"U+2212","−","E28892","C-x 8 RET 2212 RET","Mathematical Operators (U+2200 to U+22FF)" 
"U+2213","∓","E28893","C-x 8 RET 2213 RET","Mathematical Operators (U+2200 to U+22FF)" 
"U+2214","∔","E28894","C-x 8 RET 2214 RET","Mathematical Operators (U+2200 to U+22FF)" 
"U+2215","∕","E28895","C-x 8 RET 2215 RET","Mathematical Operators (U+2200 to U+22FF)" 
"U+2216","∖","E28896","C-x 8 RET 2216 RET","Mathematical Operators (U+2200 to U+22FF)" 
"U+2217","∗","E28897","C-x 8 RET 2217 RET","Mathematical Operators (U+2200 to U+22FF)" 
"U+2218","∘","E28898","C-x 8 RET 2218 RET","Mathematical Operators (U+2200 to U+22FF)" 
"U+2219","∙","E28899","C-x 8 RET 2219 RET","Mathematical Operators (U+2200 to U+22FF)" 
"U+221A","√","E2889A","C-x 8 RET 221A RET","Mathematical Operators (U+2200 to U+22FF)" 
"U+221B","∛","E2889B","C-x 8 RET 221B RET","Mathematical Operators (U+2200 to U+22FF)" 
"U+221C","∜","E2889C","C-x 8 RET 221C RET","Mathematical Operators (U+2200 to U+22FF)" 
"U+221D","∝","E2889D","C-x 8 RET 221D RET","Mathematical Operators (U+2200 to U+22FF)" 
"U+221E","∞","E2889E","C-x 8 RET 221E RET","Mathematical Operators (U+2200 to U+22FF)" 
"U+221F","∟","E2889F","C-x 8 RET 221F RET","Mathematical Operators (U+2200 to U+22FF)" 
"U+2220","∠","E288A0","C-x 8 RET 2220 RET","Mathematical Operators (U+2200 to U+22FF)" 
"U+2221","∡","E288A1","C-x 8 RET 2221 RET","Mathematical Operators (U+2200 to U+22FF)" 
"U+2222","∢","E288A2","C-x 8 RET 2222 RET","Mathematical Operators (U+2200 to U+22FF)" 
"U+2223","∣","E288A3","C-x 8 RET 2223 RET","Mathematical Operators (U+2200 to U+22FF)" 
"U+2224","∤","E288A4","C-x 8 RET 2224 RET","Mathematical Operators (U+2200 to U+22FF)" 
"U+2225","∥","E288A5","C-x 8 RET 2225 RET","Mathematical Operators (U+2200 to U+22FF)" 
"U+2226","∦","E288A6","C-x 8 RET 2226 RET","Mathematical Operators (U+2200 to U+22FF)" 
"U+2227","∧","E288A7","C-x 8 RET 2227 RET","Mathematical Operators (U+2200 to U+22FF)" 
"U+2228","∨","E288A8","C-x 8 RET 2228 RET","Mathematical Operators (U+2200 to U+22FF)" 
"U+2229","∩","E288A9","C-x 8 RET 2229 RET","Mathematical Operators (U+2200 to U+22FF)" 
"U+222A","∪","E288AA","C-x 8 RET 222A RET","Mathematical Operators (U+2200 to U+22FF)" 
"U+222B","∫","E288AB","C-x 8 RET 222B RET","Mathematical Operators (U+2200 to U+22FF)" 
"U+222C","∬","E288AC","C-x 8 RET 222C RET","Mathematical Operators (U+2200 to U+22FF)" 
"U+222D","∭","E288AD","C-x 8 RET 222D RET","Mathematical Operators (U+2200 to U+22FF)" 
"U+222E","∮","E288AE","C-x 8 RET 222E RET","Mathematical Operators (U+2200 to U+22FF)" 
"U+222F","∯","E288AF","C-x 8 RET 222F RET","Mathematical Operators (U+2200 to U+22FF)" 
"U+2230","∰","E288B0","C-x 8 RET 2230 RET","Mathematical Operators (U+2200 to U+22FF)" 
"U+2231","∱","E288B1","C-x 8 RET 2231 RET","Mathematical Operators (U+2200 to U+22FF)" 
"U+2232","∲","E288B2","C-x 8 RET 2232 RET","Mathematical Operators (U+2200 to U+22FF)" 
"U+2233","∳","E288B3","C-x 8 RET 2233 RET","Mathematical Operators (U+2200 to U+22FF)" 
"U+2234","∴","E288B4","C-x 8 RET 2234 RET","Mathematical Operators (U+2200 to U+22FF)" 
"U+2235","∵","E288B5","C-x 8 RET 2235 RET","Mathematical Operators (U+2200 to U+22FF)" 
"U+2236","∶","E288B6","C-x 8 RET 2236 RET","Mathematical Operators (U+2200 to U+22FF)" 
"U+2237","∷","E288B7","C-x 8 RET 2237 RET","Mathematical Operators (U+2200 to U+22FF)" 
"U+2238","∸","E288B8","C-x 8 RET 2238 RET","Mathematical Operators (U+2200 to U+22FF)" 
"U+2239","∹","E288B9","C-x 8 RET 2239 RET","Mathematical Operators (U+2200 to U+22FF)" 
"U+223A","∺","E288BA","C-x 8 RET 223A RET","Mathematical Operators (U+2200 to U+22FF)" 
"U+223B","∻","E288BB","C-x 8 RET 223B RET","Mathematical Operators (U+2200 to U+22FF)" 
"U+223C","∼","E288BC","C-x 8 RET 223C RET","Mathematical Operators (U+2200 to U+22FF)" 
"U+223D","∽","E288BD","C-x 8 RET 223D RET","Mathematical Operators (U+2200 to U+22FF)" 
"U+223E","∾","E288BE","C-x 8 RET 223E RET","Mathematical Operators (U+2200 to U+22FF)" 
"U+223F","∿","E288BF","C-x 8 RET 223F RET","Mathematical Operators (U+2200 to U+22FF)" 
"U+2240","≀","E28980","C-x 8 RET 2240 RET","Mathematical Operators (U+2200 to U+22FF)" 
"U+2241","≁","E28981","C-x 8 RET 2241 RET","Mathematical Operators (U+2200 to U+22FF)" 
"U+2242","≂","E28982","C-x 8 RET 2242 RET","Mathematical Operators (U+2200 to U+22FF)" 
"U+2243","≃","E28983","C-x 8 RET 2243 RET","Mathematical Operators (U+2200 to U+22FF)" 
"U+2244","≄","E28984","C-x 8 RET 2244 RET","Mathematical Operators (U+2200 to U+22FF)" 
"U+2245","≅","E28985","C-x 8 RET 2245 RET","Mathematical Operators (U+2200 to U+22FF)" 
"U+2246","≆","E28986","C-x 8 RET 2246 RET","Mathematical Operators (U+2200 to U+22FF)" 
"U+2247","≇","E28987","C-x 8 RET 2247 RET","Mathematical Operators (U+2200 to U+22FF)" 
"U+2248","≈","E28988","C-x 8 RET 2248 RET","Mathematical Operators (U+2200 to U+22FF)" 
"U+2249","≉","E28989","C-x 8 RET 2249 RET","Mathematical Operators (U+2200 to U+22FF)" 
"U+224A","≊","E2898A","C-x 8 RET 224A RET","Mathematical Operators (U+2200 to U+22FF)" 
"U+224B","≋","E2898B","C-x 8 RET 224B RET","Mathematical Operators (U+2200 to U+22FF)" 
"U+224C","≌","E2898C","C-x 8 RET 224C RET","Mathematical Operators (U+2200 to U+22FF)" 
"U+224D","≍","E2898D","C-x 8 RET 224D RET","Mathematical Operators (U+2200 to U+22FF)" 
"U+224E","≎","E2898E","C-x 8 RET 224E RET","Mathematical Operators (U+2200 to U+22FF)" 
"U+224F","≏","E2898F","C-x 8 RET 224F RET","Mathematical Operators (U+2200 to U+22FF)" 
"U+2250","≐","E28990","C-x 8 RET 2250 RET","Mathematical Operators (U+2200 to U+22FF)" 
"U+2251","≑","E28991","C-x 8 RET 2251 RET","Mathematical Operators (U+2200 to U+22FF)" 
"U+2252","≒","E28992","C-x 8 RET 2252 RET","Mathematical Operators (U+2200 to U+22FF)" 
"U+2253","≓","E28993","C-x 8 RET 2253 RET","Mathematical Operators (U+2200 to U+22FF)" 
"U+2254","≔","E28994","C-x 8 RET 2254 RET","Mathematical Operators (U+2200 to U+22FF)" 
"U+2255","≕","E28995","C-x 8 RET 2255 RET","Mathematical Operators (U+2200 to U+22FF)" 
"U+2256","≖","E28996","C-x 8 RET 2256 RET","Mathematical Operators (U+2200 to U+22FF)" 
"U+2257","≗","E28997","C-x 8 RET 2257 RET","Mathematical Operators (U+2200 to U+22FF)" 
"U+2258","≘","E28998","C-x 8 RET 2258 RET","Mathematical Operators (U+2200 to U+22FF)" 
"U+2259","≙","E28999","C-x 8 RET 2259 RET","Mathematical Operators (U+2200 to U+22FF)" 
"U+225A","≚","E2899A","C-x 8 RET 225A RET","Mathematical Operators (U+2200 to U+22FF)" 
"U+225B","≛","E2899B","C-x 8 RET 225B RET","Mathematical Operators (U+2200 to U+22FF)" 
"U+225C","≜","E2899C","C-x 8 RET 225C RET","Mathematical Operators (U+2200 to U+22FF)" 
"U+225D","≝","E2899D","C-x 8 RET 225D RET","Mathematical Operators (U+2200 to U+22FF)" 
"U+225E","≞","E2899E","C-x 8 RET 225E RET","Mathematical Operators (U+2200 to U+22FF)" 
"U+225F","≟","E2899F","C-x 8 RET 225F RET","Mathematical Operators (U+2200 to U+22FF)" 
"U+2260","≠","E289A0","C-x 8 RET 2260 RET","Mathematical Operators (U+2200 to U+22FF)" 
"U+2261","≡","E289A1","C-x 8 RET 2261 RET","Mathematical Operators (U+2200 to U+22FF)" 
"U+2262","≢","E289A2","C-x 8 RET 2262 RET","Mathematical Operators (U+2200 to U+22FF)" 
"U+2263","≣","E289A3","C-x 8 RET 2263 RET","Mathematical Operators (U+2200 to U+22FF)" 
"U+2264","≤","E289A4","C-x 8 RET 2264 RET","Mathematical Operators (U+2200 to U+22FF)" 
"U+2265","≥","E289A5","C-x 8 RET 2265 RET","Mathematical Operators (U+2200 to U+22FF)" 
"U+2266","≦","E289A6","C-x 8 RET 2266 RET","Mathematical Operators (U+2200 to U+22FF)" 
"U+2267","≧","E289A7","C-x 8 RET 2267 RET","Mathematical Operators (U+2200 to U+22FF)" 
"U+2268","≨","E289A8","C-x 8 RET 2268 RET","Mathematical Operators (U+2200 to U+22FF)" 
"U+2269","≩","E289A9","C-x 8 RET 2269 RET","Mathematical Operators (U+2200 to U+22FF)" 
"U+226A","≪","E289AA","C-x 8 RET 226A RET","Mathematical Operators (U+2200 to U+22FF)" 
"U+226B","≫","E289AB","C-x 8 RET 226B RET","Mathematical Operators (U+2200 to U+22FF)" 
"U+226C","≬","E289AC","C-x 8 RET 226C RET","Mathematical Operators (U+2200 to U+22FF)" 
"U+226D","≭","E289AD","C-x 8 RET 226D RET","Mathematical Operators (U+2200 to U+22FF)" 
"U+226E","≮","E289AE","C-x 8 RET 226E RET","Mathematical Operators (U+2200 to U+22FF)" 
"U+226F","≯","E289AF","C-x 8 RET 226F RET","Mathematical Operators (U+2200 to U+22FF)" 
"U+2270","≰","E289B0","C-x 8 RET 2270 RET","Mathematical Operators (U+2200 to U+22FF)" 
"U+2271","≱","E289B1","C-x 8 RET 2271 RET","Mathematical Operators (U+2200 to U+22FF)" 
"U+2272","≲","E289B2","C-x 8 RET 2272 RET","Mathematical Operators (U+2200 to U+22FF)" 
"U+2273","≳","E289B3","C-x 8 RET 2273 RET","Mathematical Operators (U+2200 to U+22FF)" 
"U+2274","≴","E289B4","C-x 8 RET 2274 RET","Mathematical Operators (U+2200 to U+22FF)" 
"U+2275","≵","E289B5","C-x 8 RET 2275 RET","Mathematical Operators (U+2200 to U+22FF)" 
"U+2276","≶","E289B6","C-x 8 RET 2276 RET","Mathematical Operators (U+2200 to U+22FF)" 
"U+2277","≷","E289B7","C-x 8 RET 2277 RET","Mathematical Operators (U+2200 to U+22FF)" 
"U+2278","≸","E289B8","C-x 8 RET 2278 RET","Mathematical Operators (U+2200 to U+22FF)" 
"U+2279","≹","E289B9","C-x 8 RET 2279 RET","Mathematical Operators (U+2200 to U+22FF)" 
"U+227A","≺","E289BA","C-x 8 RET 227A RET","Mathematical Operators (U+2200 to U+22FF)" 
"U+227B","≻","E289BB","C-x 8 RET 227B RET","Mathematical Operators (U+2200 to U+22FF)" 
"U+227C","≼","E289BC","C-x 8 RET 227C RET","Mathematical Operators (U+2200 to U+22FF)" 
"U+227D","≽","E289BD","C-x 8 RET 227D RET","Mathematical Operators (U+2200 to U+22FF)" 
"U+227E","≾","E289BE","C-x 8 RET 227E RET","Mathematical Operators (U+2200 to U+22FF)" 
"U+227F","≿","E289BF","C-x 8 RET 227F RET","Mathematical Operators (U+2200 to U+22FF)" 
"U+2280","⊀","E28A80","C-x 8 RET 2280 RET","Mathematical Operators (U+2200 to U+22FF)" 
"U+2281","⊁","E28A81","C-x 8 RET 2281 RET","Mathematical Operators (U+2200 to U+22FF)" 
"U+2282","⊂","E28A82","C-x 8 RET 2282 RET","Mathematical Operators (U+2200 to U+22FF)" 
"U+2283","⊃","E28A83","C-x 8 RET 2283 RET","Mathematical Operators (U+2200 to U+22FF)" 
"U+2284","⊄","E28A84","C-x 8 RET 2284 RET","Mathematical Operators (U+2200 to U+22FF)" 
"U+2285","⊅","E28A85","C-x 8 RET 2285 RET","Mathematical Operators (U+2200 to U+22FF)" 
"U+2286","⊆","E28A86","C-x 8 RET 2286 RET","Mathematical Operators (U+2200 to U+22FF)" 
"U+2287","⊇","E28A87","C-x 8 RET 2287 RET","Mathematical Operators (U+2200 to U+22FF)" 
"U+2288","⊈","E28A88","C-x 8 RET 2288 RET","Mathematical Operators (U+2200 to U+22FF)" 
"U+2289","⊉","E28A89","C-x 8 RET 2289 RET","Mathematical Operators (U+2200 to U+22FF)" 
"U+228A","⊊","E28A8A","C-x 8 RET 228A RET","Mathematical Operators (U+2200 to U+22FF)" 
"U+228B","⊋","E28A8B","C-x 8 RET 228B RET","Mathematical Operators (U+2200 to U+22FF)" 
"U+228C","⊌","E28A8C","C-x 8 RET 228C RET","Mathematical Operators (U+2200 to U+22FF)" 
"U+228D","⊍","E28A8D","C-x 8 RET 228D RET","Mathematical Operators (U+2200 to U+22FF)" 
"U+228E","⊎","E28A8E","C-x 8 RET 228E RET","Mathematical Operators (U+2200 to U+22FF)" 
"U+228F","⊏","E28A8F","C-x 8 RET 228F RET","Mathematical Operators (U+2200 to U+22FF)" 
"U+2290","⊐","E28A90","C-x 8 RET 2290 RET","Mathematical Operators (U+2200 to U+22FF)" 
"U+2291","⊑","E28A91","C-x 8 RET 2291 RET","Mathematical Operators (U+2200 to U+22FF)" 
"U+2292","⊒","E28A92","C-x 8 RET 2292 RET","Mathematical Operators (U+2200 to U+22FF)" 
"U+2293","⊓","E28A93","C-x 8 RET 2293 RET","Mathematical Operators (U+2200 to U+22FF)" 
"U+2294","⊔","E28A94","C-x 8 RET 2294 RET","Mathematical Operators (U+2200 to U+22FF)" 
"U+2295","⊕","E28A95","C-x 8 RET 2295 RET","Mathematical Operators (U+2200 to U+22FF)" 
"U+2296","⊖","E28A96","C-x 8 RET 2296 RET","Mathematical Operators (U+2200 to U+22FF)" 
"U+2297","⊗","E28A97","C-x 8 RET 2297 RET","Mathematical Operators (U+2200 to U+22FF)" 
"U+2298","⊘","E28A98","C-x 8 RET 2298 RET","Mathematical Operators (U+2200 to U+22FF)" 
"U+2299","⊙","E28A99","C-x 8 RET 2299 RET","Mathematical Operators (U+2200 to U+22FF)" 
"U+229A","⊚","E28A9A","C-x 8 RET 229A RET","Mathematical Operators (U+2200 to U+22FF)" 
"U+229B","⊛","E28A9B","C-x 8 RET 229B RET","Mathematical Operators (U+2200 to U+22FF)" 
"U+229C","⊜","E28A9C","C-x 8 RET 229C RET","Mathematical Operators (U+2200 to U+22FF)" 
"U+229D","⊝","E28A9D","C-x 8 RET 229D RET","Mathematical Operators (U+2200 to U+22FF)" 
"U+229E","⊞","E28A9E","C-x 8 RET 229E RET","Mathematical Operators (U+2200 to U+22FF)" 
"U+229F","⊟","E28A9F","C-x 8 RET 229F RET","Mathematical Operators (U+2200 to U+22FF)" 
"U+22A0","⊠","E28AA0","C-x 8 RET 22A0 RET","Mathematical Operators (U+2200 to U+22FF)" 
"U+22A1","⊡","E28AA1","C-x 8 RET 22A1 RET","Mathematical Operators (U+2200 to U+22FF)" 
"U+22A2","⊢","E28AA2","C-x 8 RET 22A2 RET","Mathematical Operators (U+2200 to U+22FF)" 
"U+22A3","⊣","E28AA3","C-x 8 RET 22A3 RET","Mathematical Operators (U+2200 to U+22FF)" 
"U+22A4","⊤","E28AA4","C-x 8 RET 22A4 RET","Mathematical Operators (U+2200 to U+22FF)" 
"U+22A5","⊥","E28AA5","C-x 8 RET 22A5 RET","Mathematical Operators (U+2200 to U+22FF)" 
"U+22A6","⊦","E28AA6","C-x 8 RET 22A6 RET","Mathematical Operators (U+2200 to U+22FF)" 
"U+22A7","⊧","E28AA7","C-x 8 RET 22A7 RET","Mathematical Operators (U+2200 to U+22FF)" 
"U+22A8","⊨","E28AA8","C-x 8 RET 22A8 RET","Mathematical Operators (U+2200 to U+22FF)" 
"U+22A9","⊩","E28AA9","C-x 8 RET 22A9 RET","Mathematical Operators (U+2200 to U+22FF)" 
"U+22AA","⊪","E28AAA","C-x 8 RET 22AA RET","Mathematical Operators (U+2200 to U+22FF)" 
"U+22AB","⊫","E28AAB","C-x 8 RET 22AB RET","Mathematical Operators (U+2200 to U+22FF)" 
"U+22AC","⊬","E28AAC","C-x 8 RET 22AC RET","Mathematical Operators (U+2200 to U+22FF)" 
"U+22AD","⊭","E28AAD","C-x 8 RET 22AD RET","Mathematical Operators (U+2200 to U+22FF)" 
"U+22AE","⊮","E28AAE","C-x 8 RET 22AE RET","Mathematical Operators (U+2200 to U+22FF)" 
"U+22AF","⊯","E28AAF","C-x 8 RET 22AF RET","Mathematical Operators (U+2200 to U+22FF)" 
"U+22B0","⊰","E28AB0","C-x 8 RET 22B0 RET","Mathematical Operators (U+2200 to U+22FF)" 
"U+22B1","⊱","E28AB1","C-x 8 RET 22B1 RET","Mathematical Operators (U+2200 to U+22FF)" 
"U+22B2","⊲","E28AB2","C-x 8 RET 22B2 RET","Mathematical Operators (U+2200 to U+22FF)" 
"U+22B3","⊳","E28AB3","C-x 8 RET 22B3 RET","Mathematical Operators (U+2200 to U+22FF)" 
"U+22B4","⊴","E28AB4","C-x 8 RET 22B4 RET","Mathematical Operators (U+2200 to U+22FF)" 
"U+22B5","⊵","E28AB5","C-x 8 RET 22B5 RET","Mathematical Operators (U+2200 to U+22FF)" 
"U+22B6","⊶","E28AB6","C-x 8 RET 22B6 RET","Mathematical Operators (U+2200 to U+22FF)" 
"U+22B7","⊷","E28AB7","C-x 8 RET 22B7 RET","Mathematical Operators (U+2200 to U+22FF)" 
"U+22B8","⊸","E28AB8","C-x 8 RET 22B8 RET","Mathematical Operators (U+2200 to U+22FF)" 
"U+22B9","⊹","E28AB9","C-x 8 RET 22B9 RET","Mathematical Operators (U+2200 to U+22FF)" 
"U+22BA","⊺","E28ABA","C-x 8 RET 22BA RET","Mathematical Operators (U+2200 to U+22FF)" 
"U+22BB","⊻","E28ABB","C-x 8 RET 22BB RET","Mathematical Operators (U+2200 to U+22FF)" 
"U+22BC","⊼","E28ABC","C-x 8 RET 22BC RET","Mathematical Operators (U+2200 to U+22FF)" 
"U+22BD","⊽","E28ABD","C-x 8 RET 22BD RET","Mathematical Operators (U+2200 to U+22FF)" 
"U+22BE","⊾","E28ABE","C-x 8 RET 22BE RET","Mathematical Operators (U+2200 to U+22FF)" 
"U+22BF","⊿","E28ABF","C-x 8 RET 22BF RET","Mathematical Operators (U+2200 to U+22FF)" 
"U+22C0","⋀","E28B80","C-x 8 RET 22C0 RET","Mathematical Operators (U+2200 to U+22FF)" 
"U+22C1","⋁","E28B81","C-x 8 RET 22C1 RET","Mathematical Operators (U+2200 to U+22FF)" 
"U+22C2","⋂","E28B82","C-x 8 RET 22C2 RET","Mathematical Operators (U+2200 to U+22FF)" 
"U+22C3","⋃","E28B83","C-x 8 RET 22C3 RET","Mathematical Operators (U+2200 to U+22FF)" 
"U+22C4","⋄","E28B84","C-x 8 RET 22C4 RET","Mathematical Operators (U+2200 to U+22FF)" 
"U+22C5","⋅","E28B85","C-x 8 RET 22C5 RET","Mathematical Operators (U+2200 to U+22FF)" 
"U+22C6","⋆","E28B86","C-x 8 RET 22C6 RET","Mathematical Operators (U+2200 to U+22FF)" 
"U+22C7","⋇","E28B87","C-x 8 RET 22C7 RET","Mathematical Operators (U+2200 to U+22FF)" 
"U+22C8","⋈","E28B88","C-x 8 RET 22C8 RET","Mathematical Operators (U+2200 to U+22FF)" 
"U+22C9","⋉","E28B89","C-x 8 RET 22C9 RET","Mathematical Operators (U+2200 to U+22FF)" 
"U+22CA","⋊","E28B8A","C-x 8 RET 22CA RET","Mathematical Operators (U+2200 to U+22FF)" 
"U+22CB","⋋","E28B8B","C-x 8 RET 22CB RET","Mathematical Operators (U+2200 to U+22FF)" 
"U+22CC","⋌","E28B8C","C-x 8 RET 22CC RET","Mathematical Operators (U+2200 to U+22FF)" 
"U+22CD","⋍","E28B8D","C-x 8 RET 22CD RET","Mathematical Operators (U+2200 to U+22FF)" 
"U+22CE","⋎","E28B8E","C-x 8 RET 22CE RET","Mathematical Operators (U+2200 to U+22FF)" 
"U+22CF","⋏","E28B8F","C-x 8 RET 22CF RET","Mathematical Operators (U+2200 to U+22FF)" 
"U+22D0","⋐","E28B90","C-x 8 RET 22D0 RET","Mathematical Operators (U+2200 to U+22FF)" 
"U+22D1","⋑","E28B91","C-x 8 RET 22D1 RET","Mathematical Operators (U+2200 to U+22FF)" 
"U+22D2","⋒","E28B92","C-x 8 RET 22D2 RET","Mathematical Operators (U+2200 to U+22FF)" 
"U+22D3","⋓","E28B93","C-x 8 RET 22D3 RET","Mathematical Operators (U+2200 to U+22FF)" 
"U+22D4","⋔","E28B94","C-x 8 RET 22D4 RET","Mathematical Operators (U+2200 to U+22FF)" 
"U+22D5","⋕","E28B95","C-x 8 RET 22D5 RET","Mathematical Operators (U+2200 to U+22FF)" 
"U+22D6","⋖","E28B96","C-x 8 RET 22D6 RET","Mathematical Operators (U+2200 to U+22FF)" 
"U+22D7","⋗","E28B97","C-x 8 RET 22D7 RET","Mathematical Operators (U+2200 to U+22FF)" 
"U+22D8","⋘","E28B98","C-x 8 RET 22D8 RET","Mathematical Operators (U+2200 to U+22FF)" 
"U+22D9","⋙","E28B99","C-x 8 RET 22D9 RET","Mathematical Operators (U+2200 to U+22FF)" 
"U+22DA","⋚","E28B9A","C-x 8 RET 22DA RET","Mathematical Operators (U+2200 to U+22FF)" 
"U+22DB","⋛","E28B9B","C-x 8 RET 22DB RET","Mathematical Operators (U+2200 to U+22FF)" 
"U+22DC","⋜","E28B9C","C-x 8 RET 22DC RET","Mathematical Operators (U+2200 to U+22FF)" 
"U+22DD","⋝","E28B9D","C-x 8 RET 22DD RET","Mathematical Operators (U+2200 to U+22FF)" 
"U+22DE","⋞","E28B9E","C-x 8 RET 22DE RET","Mathematical Operators (U+2200 to U+22FF)" 
"U+22DF","⋟","E28B9F","C-x 8 RET 22DF RET","Mathematical Operators (U+2200 to U+22FF)" 
"U+22E0","⋠","E28BA0","C-x 8 RET 22E0 RET","Mathematical Operators (U+2200 to U+22FF)" 
"U+22E1","⋡","E28BA1","C-x 8 RET 22E1 RET","Mathematical Operators (U+2200 to U+22FF)" 
"U+22E2","⋢","E28BA2","C-x 8 RET 22E2 RET","Mathematical Operators (U+2200 to U+22FF)" 
"U+22E3","⋣","E28BA3","C-x 8 RET 22E3 RET","Mathematical Operators (U+2200 to U+22FF)" 
"U+22E4","⋤","E28BA4","C-x 8 RET 22E4 RET","Mathematical Operators (U+2200 to U+22FF)" 
"U+22E5","⋥","E28BA5","C-x 8 RET 22E5 RET","Mathematical Operators (U+2200 to U+22FF)" 
"U+22E6","⋦","E28BA6","C-x 8 RET 22E6 RET","Mathematical Operators (U+2200 to U+22FF)" 
"U+22E7","⋧","E28BA7","C-x 8 RET 22E7 RET","Mathematical Operators (U+2200 to U+22FF)" 
"U+22E8","⋨","E28BA8","C-x 8 RET 22E8 RET","Mathematical Operators (U+2200 to U+22FF)" 
"U+22E9","⋩","E28BA9","C-x 8 RET 22E9 RET","Mathematical Operators (U+2200 to U+22FF)" 
"U+22EA","⋪","E28BAA","C-x 8 RET 22EA RET","Mathematical Operators (U+2200 to U+22FF)" 
"U+22EB","⋫","E28BAB","C-x 8 RET 22EB RET","Mathematical Operators (U+2200 to U+22FF)" 
"U+22EC","⋬","E28BAC","C-x 8 RET 22EC RET","Mathematical Operators (U+2200 to U+22FF)" 
"U+22ED","⋭","E28BAD","C-x 8 RET 22ED RET","Mathematical Operators (U+2200 to U+22FF)" 
"U+22EE","⋮","E28BAE","C-x 8 RET 22EE RET","Mathematical Operators (U+2200 to U+22FF)" 
"U+22EF","⋯","E28BAF","C-x 8 RET 22EF RET","Mathematical Operators (U+2200 to U+22FF)" 
"U+22F0","⋰","E28BB0","C-x 8 RET 22F0 RET","Mathematical Operators (U+2200 to U+22FF)" 
"U+22F1","⋱","E28BB1","C-x 8 RET 22F1 RET","Mathematical Operators (U+2200 to U+22FF)" 
"U+22F2","⋲","E28BB2","C-x 8 RET 22F2 RET","Mathematical Operators (U+2200 to U+22FF)" 
"U+22F3","⋳","E28BB3","C-x 8 RET 22F3 RET","Mathematical Operators (U+2200 to U+22FF)" 
"U+22F4","⋴","E28BB4","C-x 8 RET 22F4 RET","Mathematical Operators (U+2200 to U+22FF)" 
"U+22F5","⋵","E28BB5","C-x 8 RET 22F5 RET","Mathematical Operators (U+2200 to U+22FF)" 
"U+22F6","⋶","E28BB6","C-x 8 RET 22F6 RET","Mathematical Operators (U+2200 to U+22FF)" 
"U+22F7","⋷","E28BB7","C-x 8 RET 22F7 RET","Mathematical Operators (U+2200 to U+22FF)" 
"U+22F8","⋸","E28BB8","C-x 8 RET 22F8 RET","Mathematical Operators (U+2200 to U+22FF)" 
"U+22F9","⋹","E28BB9","C-x 8 RET 22F9 RET","Mathematical Operators (U+2200 to U+22FF)" 
"U+22FA","⋺","E28BBA","C-x 8 RET 22FA RET","Mathematical Operators (U+2200 to U+22FF)" 
"U+22FB","⋻","E28BBB","C-x 8 RET 22FB RET","Mathematical Operators (U+2200 to U+22FF)" 
"U+22FC","⋼","E28BBC","C-x 8 RET 22FC RET","Mathematical Operators (U+2200 to U+22FF)" 
"U+22FD","⋽","E28BBD","C-x 8 RET 22FD RET","Mathematical Operators (U+2200 to U+22FF)" 
"U+22FE","⋾","E28BBE","C-x 8 RET 22FE RET","Mathematical Operators (U+2200 to U+22FF)" 
"U+22FF","⋿","E28BBF","C-x 8 RET 22FF RET","Mathematical Operators (U+2200 to U+22FF)" 
"U+27C0","⟀","E29F80","C-x 8 RET 27C0 RET","Miscellaneous Mathematical Symbols-A (U+27C0 to U+27EF)" 
"U+27C1","⟁","E29F81","C-x 8 RET 27C1 RET","Miscellaneous Mathematical Symbols-A (U+27C0 to U+27EF)" 
"U+27C2","⟂","E29F82","C-x 8 RET 27C2 RET","Miscellaneous Mathematical Symbols-A (U+27C0 to U+27EF)" 
"U+27C3","⟃","E29F83","C-x 8 RET 27C3 RET","Miscellaneous Mathematical Symbols-A (U+27C0 to U+27EF)" 
"U+27C4","⟄","E29F84","C-x 8 RET 27C4 RET","Miscellaneous Mathematical Symbols-A (U+27C0 to U+27EF)" 
"U+27C5","⟅","E29F85","C-x 8 RET 27C5 RET","Miscellaneous Mathematical Symbols-A (U+27C0 to U+27EF)" 
"U+27C6","⟆","E29F86","C-x 8 RET 27C6 RET","Miscellaneous Mathematical Symbols-A (U+27C0 to U+27EF)" 
"U+27C7","⟇","E29F87","C-x 8 RET 27C7 RET","Miscellaneous Mathematical Symbols-A (U+27C0 to U+27EF)" 
"U+27C8","⟈","E29F88","C-x 8 RET 27C8 RET","Miscellaneous Mathematical Symbols-A (U+27C0 to U+27EF)" 
"U+27C9","⟉","E29F89","C-x 8 RET 27C9 RET","Miscellaneous Mathematical Symbols-A (U+27C0 to U+27EF)" 
"U+27CA","⟊","E29F8A","C-x 8 RET 27CA RET","Miscellaneous Mathematical Symbols-A (U+27C0 to U+27EF)" 
"U+27CB","⟋","E29F8B","C-x 8 RET 27CB RET","Miscellaneous Mathematical Symbols-A (U+27C0 to U+27EF)" 
"U+27CC","⟌","E29F8C","C-x 8 RET 27CC RET","Miscellaneous Mathematical Symbols-A (U+27C0 to U+27EF)" 
"U+27CD","⟍","E29F8D","C-x 8 RET 27CD RET","Miscellaneous Mathematical Symbols-A (U+27C0 to U+27EF)" 
"U+27CE","⟎","E29F8E","C-x 8 RET 27CE RET","Miscellaneous Mathematical Symbols-A (U+27C0 to U+27EF)" 
"U+27CF","⟏","E29F8F","C-x 8 RET 27CF RET","Miscellaneous Mathematical Symbols-A (U+27C0 to U+27EF)" 
"U+27D0","⟐","E29F90","C-x 8 RET 27D0 RET","Miscellaneous Mathematical Symbols-A (U+27C0 to U+27EF)" 
"U+27D1","⟑","E29F91","C-x 8 RET 27D1 RET","Miscellaneous Mathematical Symbols-A (U+27C0 to U+27EF)" 
"U+27D2","⟒","E29F92","C-x 8 RET 27D2 RET","Miscellaneous Mathematical Symbols-A (U+27C0 to U+27EF)" 
"U+27D3","⟓","E29F93","C-x 8 RET 27D3 RET","Miscellaneous Mathematical Symbols-A (U+27C0 to U+27EF)" 
"U+27D4","⟔","E29F94","C-x 8 RET 27D4 RET","Miscellaneous Mathematical Symbols-A (U+27C0 to U+27EF)" 
"U+27D5","⟕","E29F95","C-x 8 RET 27D5 RET","Miscellaneous Mathematical Symbols-A (U+27C0 to U+27EF)" 
"U+27D6","⟖","E29F96","C-x 8 RET 27D6 RET","Miscellaneous Mathematical Symbols-A (U+27C0 to U+27EF)" 
"U+27D7","⟗","E29F97","C-x 8 RET 27D7 RET","Miscellaneous Mathematical Symbols-A (U+27C0 to U+27EF)" 
"U+27D8","⟘","E29F98","C-x 8 RET 27D8 RET","Miscellaneous Mathematical Symbols-A (U+27C0 to U+27EF)" 
"U+27D9","⟙","E29F99","C-x 8 RET 27D9 RET","Miscellaneous Mathematical Symbols-A (U+27C0 to U+27EF)" 
"U+27DA","⟚","E29F9A","C-x 8 RET 27DA RET","Miscellaneous Mathematical Symbols-A (U+27C0 to U+27EF)" 
"U+27DB","⟛","E29F9B","C-x 8 RET 27DB RET","Miscellaneous Mathematical Symbols-A (U+27C0 to U+27EF)" 
"U+27DC","⟜","E29F9C","C-x 8 RET 27DC RET","Miscellaneous Mathematical Symbols-A (U+27C0 to U+27EF)" 
"U+27DD","⟝","E29F9D","C-x 8 RET 27DD RET","Miscellaneous Mathematical Symbols-A (U+27C0 to U+27EF)" 
"U+27DE","⟞","E29F9E","C-x 8 RET 27DE RET","Miscellaneous Mathematical Symbols-A (U+27C0 to U+27EF)" 
"U+27DF","⟟","E29F9F","C-x 8 RET 27DF RET","Miscellaneous Mathematical Symbols-A (U+27C0 to U+27EF)" 
"U+27E0","⟠","E29FA0","C-x 8 RET 27E0 RET","Miscellaneous Mathematical Symbols-A (U+27C0 to U+27EF)" 
"U+27E1","⟡","E29FA1","C-x 8 RET 27E1 RET","Miscellaneous Mathematical Symbols-A (U+27C0 to U+27EF)" 
"U+27E2","⟢","E29FA2","C-x 8 RET 27E2 RET","Miscellaneous Mathematical Symbols-A (U+27C0 to U+27EF)" 
"U+27E3","⟣","E29FA3","C-x 8 RET 27E3 RET","Miscellaneous Mathematical Symbols-A (U+27C0 to U+27EF)" 
"U+27E4","⟤","E29FA4","C-x 8 RET 27E4 RET","Miscellaneous Mathematical Symbols-A (U+27C0 to U+27EF)" 
"U+27E5","⟥","E29FA5","C-x 8 RET 27E5 RET","Miscellaneous Mathematical Symbols-A (U+27C0 to U+27EF)" 
"U+27E6","⟦","E29FA6","C-x 8 RET 27E6 RET","Miscellaneous Mathematical Symbols-A (U+27C0 to U+27EF)" 
"U+27E7","⟧","E29FA7","C-x 8 RET 27E7 RET","Miscellaneous Mathematical Symbols-A (U+27C0 to U+27EF)" 
"U+27E8","⟨","E29FA8","C-x 8 RET 27E8 RET","Miscellaneous Mathematical Symbols-A (U+27C0 to U+27EF)" 
"U+27E9","⟩","E29FA9","C-x 8 RET 27E9 RET","Miscellaneous Mathematical Symbols-A (U+27C0 to U+27EF)" 
"U+27EA","⟪","E29FAA","C-x 8 RET 27EA RET","Miscellaneous Mathematical Symbols-A (U+27C0 to U+27EF)" 
"U+27EB","⟫","E29FAB","C-x 8 RET 27EB RET","Miscellaneous Mathematical Symbols-A (U+27C0 to U+27EF)" 
"U+27EC","⟬","E29FAC","C-x 8 RET 27EC RET","Miscellaneous Mathematical Symbols-A (U+27C0 to U+27EF)" 
"U+27ED","⟭","E29FAD","C-x 8 RET 27ED RET","Miscellaneous Mathematical Symbols-A (U+27C0 to U+27EF)" 
"U+27EE","⟮","E29FAE","C-x 8 RET 27EE RET","Miscellaneous Mathematical Symbols-A (U+27C0 to U+27EF)" 
"U+27EF","⟯","E29FAF","C-x 8 RET 27EF RET","Miscellaneous Mathematical Symbols-A (U+27C0 to U+27EF)" 
"U+2980","⦀","E2A680","C-x 8 RET 2980 RET","Miscellaneous Mathematical Symbols-B (U+2980 to U+29FF)" 
"U+2981","⦁","E2A681","C-x 8 RET 2981 RET","Miscellaneous Mathematical Symbols-B (U+2980 to U+29FF)" 
"U+2982","⦂","E2A682","C-x 8 RET 2982 RET","Miscellaneous Mathematical Symbols-B (U+2980 to U+29FF)" 
"U+2983","⦃","E2A683","C-x 8 RET 2983 RET","Miscellaneous Mathematical Symbols-B (U+2980 to U+29FF)" 
"U+2984","⦄","E2A684","C-x 8 RET 2984 RET","Miscellaneous Mathematical Symbols-B (U+2980 to U+29FF)" 
"U+2985","⦅","E2A685","C-x 8 RET 2985 RET","Miscellaneous Mathematical Symbols-B (U+2980 to U+29FF)" 
"U+2986","⦆","E2A686","C-x 8 RET 2986 RET","Miscellaneous Mathematical Symbols-B (U+2980 to U+29FF)" 
"U+2987","⦇","E2A687","C-x 8 RET 2987 RET","Miscellaneous Mathematical Symbols-B (U+2980 to U+29FF)" 
"U+2988","⦈","E2A688","C-x 8 RET 2988 RET","Miscellaneous Mathematical Symbols-B (U+2980 to U+29FF)" 
"U+2989","⦉","E2A689","C-x 8 RET 2989 RET","Miscellaneous Mathematical Symbols-B (U+2980 to U+29FF)" 
"U+298A","⦊","E2A68A","C-x 8 RET 298A RET","Miscellaneous Mathematical Symbols-B (U+2980 to U+29FF)" 
"U+298B","⦋","E2A68B","C-x 8 RET 298B RET","Miscellaneous Mathematical Symbols-B (U+2980 to U+29FF)" 
"U+298C","⦌","E2A68C","C-x 8 RET 298C RET","Miscellaneous Mathematical Symbols-B (U+2980 to U+29FF)" 
"U+298D","⦍","E2A68D","C-x 8 RET 298D RET","Miscellaneous Mathematical Symbols-B (U+2980 to U+29FF)" 
"U+298E","⦎","E2A68E","C-x 8 RET 298E RET","Miscellaneous Mathematical Symbols-B (U+2980 to U+29FF)" 
"U+298F","⦏","E2A68F","C-x 8 RET 298F RET","Miscellaneous Mathematical Symbols-B (U+2980 to U+29FF)" 
"U+2990","⦐","E2A690","C-x 8 RET 2990 RET","Miscellaneous Mathematical Symbols-B (U+2980 to U+29FF)" 
"U+2991","⦑","E2A691","C-x 8 RET 2991 RET","Miscellaneous Mathematical Symbols-B (U+2980 to U+29FF)" 
"U+2992","⦒","E2A692","C-x 8 RET 2992 RET","Miscellaneous Mathematical Symbols-B (U+2980 to U+29FF)" 
"U+2993","⦓","E2A693","C-x 8 RET 2993 RET","Miscellaneous Mathematical Symbols-B (U+2980 to U+29FF)" 
"U+2994","⦔","E2A694","C-x 8 RET 2994 RET","Miscellaneous Mathematical Symbols-B (U+2980 to U+29FF)" 
"U+2995","⦕","E2A695","C-x 8 RET 2995 RET","Miscellaneous Mathematical Symbols-B (U+2980 to U+29FF)" 
"U+2996","⦖","E2A696","C-x 8 RET 2996 RET","Miscellaneous Mathematical Symbols-B (U+2980 to U+29FF)" 
"U+2997","⦗","E2A697","C-x 8 RET 2997 RET","Miscellaneous Mathematical Symbols-B (U+2980 to U+29FF)" 
"U+2998","⦘","E2A698","C-x 8 RET 2998 RET","Miscellaneous Mathematical Symbols-B (U+2980 to U+29FF)" 
"U+2999","⦙","E2A699","C-x 8 RET 2999 RET","Miscellaneous Mathematical Symbols-B (U+2980 to U+29FF)" 
"U+299A","⦚","E2A69A","C-x 8 RET 299A RET","Miscellaneous Mathematical Symbols-B (U+2980 to U+29FF)" 
"U+299B","⦛","E2A69B","C-x 8 RET 299B RET","Miscellaneous Mathematical Symbols-B (U+2980 to U+29FF)" 
"U+299C","⦜","E2A69C","C-x 8 RET 299C RET","Miscellaneous Mathematical Symbols-B (U+2980 to U+29FF)" 
"U+299D","⦝","E2A69D","C-x 8 RET 299D RET","Miscellaneous Mathematical Symbols-B (U+2980 to U+29FF)" 
"U+299E","⦞","E2A69E","C-x 8 RET 299E RET","Miscellaneous Mathematical Symbols-B (U+2980 to U+29FF)" 
"U+299F","⦟","E2A69F","C-x 8 RET 299F RET","Miscellaneous Mathematical Symbols-B (U+2980 to U+29FF)" 
"U+29A0","⦠","E2A6A0","C-x 8 RET 29A0 RET","Miscellaneous Mathematical Symbols-B (U+2980 to U+29FF)" 
"U+29A1","⦡","E2A6A1","C-x 8 RET 29A1 RET","Miscellaneous Mathematical Symbols-B (U+2980 to U+29FF)" 
"U+29A2","⦢","E2A6A2","C-x 8 RET 29A2 RET","Miscellaneous Mathematical Symbols-B (U+2980 to U+29FF)" 
"U+29A3","⦣","E2A6A3","C-x 8 RET 29A3 RET","Miscellaneous Mathematical Symbols-B (U+2980 to U+29FF)" 
"U+29A4","⦤","E2A6A4","C-x 8 RET 29A4 RET","Miscellaneous Mathematical Symbols-B (U+2980 to U+29FF)" 
"U+29A5","⦥","E2A6A5","C-x 8 RET 29A5 RET","Miscellaneous Mathematical Symbols-B (U+2980 to U+29FF)" 
"U+29A6","⦦","E2A6A6","C-x 8 RET 29A6 RET","Miscellaneous Mathematical Symbols-B (U+2980 to U+29FF)" 
"U+29A7","⦧","E2A6A7","C-x 8 RET 29A7 RET","Miscellaneous Mathematical Symbols-B (U+2980 to U+29FF)" 
"U+29A8","⦨","E2A6A8","C-x 8 RET 29A8 RET","Miscellaneous Mathematical Symbols-B (U+2980 to U+29FF)" 
"U+29A9","⦩","E2A6A9","C-x 8 RET 29A9 RET","Miscellaneous Mathematical Symbols-B (U+2980 to U+29FF)" 
"U+29AA","⦪","E2A6AA","C-x 8 RET 29AA RET","Miscellaneous Mathematical Symbols-B (U+2980 to U+29FF)" 
"U+29AB","⦫","E2A6AB","C-x 8 RET 29AB RET","Miscellaneous Mathematical Symbols-B (U+2980 to U+29FF)" 
"U+29AC","⦬","E2A6AC","C-x 8 RET 29AC RET","Miscellaneous Mathematical Symbols-B (U+2980 to U+29FF)" 
"U+29AD","⦭","E2A6AD","C-x 8 RET 29AD RET","Miscellaneous Mathematical Symbols-B (U+2980 to U+29FF)" 
"U+29AE","⦮","E2A6AE","C-x 8 RET 29AE RET","Miscellaneous Mathematical Symbols-B (U+2980 to U+29FF)" 
"U+29AF","⦯","E2A6AF","C-x 8 RET 29AF RET","Miscellaneous Mathematical Symbols-B (U+2980 to U+29FF)" 
"U+29B0","⦰","E2A6B0","C-x 8 RET 29B0 RET","Miscellaneous Mathematical Symbols-B (U+2980 to U+29FF)" 
"U+29B1","⦱","E2A6B1","C-x 8 RET 29B1 RET","Miscellaneous Mathematical Symbols-B (U+2980 to U+29FF)" 
"U+29B2","⦲","E2A6B2","C-x 8 RET 29B2 RET","Miscellaneous Mathematical Symbols-B (U+2980 to U+29FF)" 
"U+29B3","⦳","E2A6B3","C-x 8 RET 29B3 RET","Miscellaneous Mathematical Symbols-B (U+2980 to U+29FF)" 
"U+29B4","⦴","E2A6B4","C-x 8 RET 29B4 RET","Miscellaneous Mathematical Symbols-B (U+2980 to U+29FF)" 
"U+29B5","⦵","E2A6B5","C-x 8 RET 29B5 RET","Miscellaneous Mathematical Symbols-B (U+2980 to U+29FF)" 
"U+29B6","⦶","E2A6B6","C-x 8 RET 29B6 RET","Miscellaneous Mathematical Symbols-B (U+2980 to U+29FF)" 
"U+29B7","⦷","E2A6B7","C-x 8 RET 29B7 RET","Miscellaneous Mathematical Symbols-B (U+2980 to U+29FF)" 
"U+29B8","⦸","E2A6B8","C-x 8 RET 29B8 RET","Miscellaneous Mathematical Symbols-B (U+2980 to U+29FF)" 
"U+29B9","⦹","E2A6B9","C-x 8 RET 29B9 RET","Miscellaneous Mathematical Symbols-B (U+2980 to U+29FF)" 
"U+29BA","⦺","E2A6BA","C-x 8 RET 29BA RET","Miscellaneous Mathematical Symbols-B (U+2980 to U+29FF)" 
"U+29BB","⦻","E2A6BB","C-x 8 RET 29BB RET","Miscellaneous Mathematical Symbols-B (U+2980 to U+29FF)" 
"U+29BC","⦼","E2A6BC","C-x 8 RET 29BC RET","Miscellaneous Mathematical Symbols-B (U+2980 to U+29FF)" 
"U+29BD","⦽","E2A6BD","C-x 8 RET 29BD RET","Miscellaneous Mathematical Symbols-B (U+2980 to U+29FF)" 
"U+29BE","⦾","E2A6BE","C-x 8 RET 29BE RET","Miscellaneous Mathematical Symbols-B (U+2980 to U+29FF)" 
"U+29BF","⦿","E2A6BF","C-x 8 RET 29BF RET","Miscellaneous Mathematical Symbols-B (U+2980 to U+29FF)" 
"U+29C0","⧀","E2A780","C-x 8 RET 29C0 RET","Miscellaneous Mathematical Symbols-B (U+2980 to U+29FF)" 
"U+29C1","⧁","E2A781","C-x 8 RET 29C1 RET","Miscellaneous Mathematical Symbols-B (U+2980 to U+29FF)" 
"U+29C2","⧂","E2A782","C-x 8 RET 29C2 RET","Miscellaneous Mathematical Symbols-B (U+2980 to U+29FF)" 
"U+29C3","⧃","E2A783","C-x 8 RET 29C3 RET","Miscellaneous Mathematical Symbols-B (U+2980 to U+29FF)" 
"U+29C4","⧄","E2A784","C-x 8 RET 29C4 RET","Miscellaneous Mathematical Symbols-B (U+2980 to U+29FF)" 
"U+29C5","⧅","E2A785","C-x 8 RET 29C5 RET","Miscellaneous Mathematical Symbols-B (U+2980 to U+29FF)" 
"U+29C6","⧆","E2A786","C-x 8 RET 29C6 RET","Miscellaneous Mathematical Symbols-B (U+2980 to U+29FF)" 
"U+29C7","⧇","E2A787","C-x 8 RET 29C7 RET","Miscellaneous Mathematical Symbols-B (U+2980 to U+29FF)" 
"U+29C8","⧈","E2A788","C-x 8 RET 29C8 RET","Miscellaneous Mathematical Symbols-B (U+2980 to U+29FF)" 
"U+29C9","⧉","E2A789","C-x 8 RET 29C9 RET","Miscellaneous Mathematical Symbols-B (U+2980 to U+29FF)" 
"U+29CA","⧊","E2A78A","C-x 8 RET 29CA RET","Miscellaneous Mathematical Symbols-B (U+2980 to U+29FF)" 
"U+29CB","⧋","E2A78B","C-x 8 RET 29CB RET","Miscellaneous Mathematical Symbols-B (U+2980 to U+29FF)" 
"U+29CC","⧌","E2A78C","C-x 8 RET 29CC RET","Miscellaneous Mathematical Symbols-B (U+2980 to U+29FF)" 
"U+29CD","⧍","E2A78D","C-x 8 RET 29CD RET","Miscellaneous Mathematical Symbols-B (U+2980 to U+29FF)" 
"U+29CE","⧎","E2A78E","C-x 8 RET 29CE RET","Miscellaneous Mathematical Symbols-B (U+2980 to U+29FF)" 
"U+29CF","⧏","E2A78F","C-x 8 RET 29CF RET","Miscellaneous Mathematical Symbols-B (U+2980 to U+29FF)" 
"U+29D0","⧐","E2A790","C-x 8 RET 29D0 RET","Miscellaneous Mathematical Symbols-B (U+2980 to U+29FF)" 
"U+29D1","⧑","E2A791","C-x 8 RET 29D1 RET","Miscellaneous Mathematical Symbols-B (U+2980 to U+29FF)" 
"U+29D2","⧒","E2A792","C-x 8 RET 29D2 RET","Miscellaneous Mathematical Symbols-B (U+2980 to U+29FF)" 
"U+29D3","⧓","E2A793","C-x 8 RET 29D3 RET","Miscellaneous Mathematical Symbols-B (U+2980 to U+29FF)" 
"U+29D4","⧔","E2A794","C-x 8 RET 29D4 RET","Miscellaneous Mathematical Symbols-B (U+2980 to U+29FF)" 
"U+29D5","⧕","E2A795","C-x 8 RET 29D5 RET","Miscellaneous Mathematical Symbols-B (U+2980 to U+29FF)" 
"U+29D6","⧖","E2A796","C-x 8 RET 29D6 RET","Miscellaneous Mathematical Symbols-B (U+2980 to U+29FF)" 
"U+29D7","⧗","E2A797","C-x 8 RET 29D7 RET","Miscellaneous Mathematical Symbols-B (U+2980 to U+29FF)" 
"U+29D8","⧘","E2A798","C-x 8 RET 29D8 RET","Miscellaneous Mathematical Symbols-B (U+2980 to U+29FF)" 
"U+29D9","⧙","E2A799","C-x 8 RET 29D9 RET","Miscellaneous Mathematical Symbols-B (U+2980 to U+29FF)" 
"U+29DA","⧚","E2A79A","C-x 8 RET 29DA RET","Miscellaneous Mathematical Symbols-B (U+2980 to U+29FF)" 
"U+29DB","⧛","E2A79B","C-x 8 RET 29DB RET","Miscellaneous Mathematical Symbols-B (U+2980 to U+29FF)" 
"U+29DC","⧜","E2A79C","C-x 8 RET 29DC RET","Miscellaneous Mathematical Symbols-B (U+2980 to U+29FF)" 
"U+29DD","⧝","E2A79D","C-x 8 RET 29DD RET","Miscellaneous Mathematical Symbols-B (U+2980 to U+29FF)" 
"U+29DE","⧞","E2A79E","C-x 8 RET 29DE RET","Miscellaneous Mathematical Symbols-B (U+2980 to U+29FF)" 
"U+29DF","⧟","E2A79F","C-x 8 RET 29DF RET","Miscellaneous Mathematical Symbols-B (U+2980 to U+29FF)" 
"U+29E0","⧠","E2A7A0","C-x 8 RET 29E0 RET","Miscellaneous Mathematical Symbols-B (U+2980 to U+29FF)" 
"U+29E1","⧡","E2A7A1","C-x 8 RET 29E1 RET","Miscellaneous Mathematical Symbols-B (U+2980 to U+29FF)" 
"U+29E2","⧢","E2A7A2","C-x 8 RET 29E2 RET","Miscellaneous Mathematical Symbols-B (U+2980 to U+29FF)" 
"U+29E3","⧣","E2A7A3","C-x 8 RET 29E3 RET","Miscellaneous Mathematical Symbols-B (U+2980 to U+29FF)" 
"U+29E4","⧤","E2A7A4","C-x 8 RET 29E4 RET","Miscellaneous Mathematical Symbols-B (U+2980 to U+29FF)" 
"U+29E5","⧥","E2A7A5","C-x 8 RET 29E5 RET","Miscellaneous Mathematical Symbols-B (U+2980 to U+29FF)" 
"U+29E6","⧦","E2A7A6","C-x 8 RET 29E6 RET","Miscellaneous Mathematical Symbols-B (U+2980 to U+29FF)" 
"U+29E7","⧧","E2A7A7","C-x 8 RET 29E7 RET","Miscellaneous Mathematical Symbols-B (U+2980 to U+29FF)" 
"U+29E8","⧨","E2A7A8","C-x 8 RET 29E8 RET","Miscellaneous Mathematical Symbols-B (U+2980 to U+29FF)" 
"U+29E9","⧩","E2A7A9","C-x 8 RET 29E9 RET","Miscellaneous Mathematical Symbols-B (U+2980 to U+29FF)" 
"U+29EA","⧪","E2A7AA","C-x 8 RET 29EA RET","Miscellaneous Mathematical Symbols-B (U+2980 to U+29FF)" 
"U+29EB","⧫","E2A7AB","C-x 8 RET 29EB RET","Miscellaneous Mathematical Symbols-B (U+2980 to U+29FF)" 
"U+29EC","⧬","E2A7AC","C-x 8 RET 29EC RET","Miscellaneous Mathematical Symbols-B (U+2980 to U+29FF)" 
"U+29ED","⧭","E2A7AD","C-x 8 RET 29ED RET","Miscellaneous Mathematical Symbols-B (U+2980 to U+29FF)" 
"U+29EE","⧮","E2A7AE","C-x 8 RET 29EE RET","Miscellaneous Mathematical Symbols-B (U+2980 to U+29FF)" 
"U+29EF","⧯","E2A7AF","C-x 8 RET 29EF RET","Miscellaneous Mathematical Symbols-B (U+2980 to U+29FF)" 
"U+29F0","⧰","E2A7B0","C-x 8 RET 29F0 RET","Miscellaneous Mathematical Symbols-B (U+2980 to U+29FF)" 
"U+29F1","⧱","E2A7B1","C-x 8 RET 29F1 RET","Miscellaneous Mathematical Symbols-B (U+2980 to U+29FF)" 
"U+29F2","⧲","E2A7B2","C-x 8 RET 29F2 RET","Miscellaneous Mathematical Symbols-B (U+2980 to U+29FF)" 
"U+29F3","⧳","E2A7B3","C-x 8 RET 29F3 RET","Miscellaneous Mathematical Symbols-B (U+2980 to U+29FF)" 
"U+29F4","⧴","E2A7B4","C-x 8 RET 29F4 RET","Miscellaneous Mathematical Symbols-B (U+2980 to U+29FF)" 
"U+29F5","⧵","E2A7B5","C-x 8 RET 29F5 RET","Miscellaneous Mathematical Symbols-B (U+2980 to U+29FF)" 
"U+29F6","⧶","E2A7B6","C-x 8 RET 29F6 RET","Miscellaneous Mathematical Symbols-B (U+2980 to U+29FF)" 
"U+29F7","⧷","E2A7B7","C-x 8 RET 29F7 RET","Miscellaneous Mathematical Symbols-B (U+2980 to U+29FF)" 
"U+29F8","⧸","E2A7B8","C-x 8 RET 29F8 RET","Miscellaneous Mathematical Symbols-B (U+2980 to U+29FF)" 
"U+29F9","⧹","E2A7B9","C-x 8 RET 29F9 RET","Miscellaneous Mathematical Symbols-B (U+2980 to U+29FF)" 
"U+29FA","⧺","E2A7BA","C-x 8 RET 29FA RET","Miscellaneous Mathematical Symbols-B (U+2980 to U+29FF)" 
"U+29FB","⧻","E2A7BB","C-x 8 RET 29FB RET","Miscellaneous Mathematical Symbols-B (U+2980 to U+29FF)" 
"U+29FC","⧼","E2A7BC","C-x 8 RET 29FC RET","Miscellaneous Mathematical Symbols-B (U+2980 to U+29FF)" 
"U+29FD","⧽","E2A7BD","C-x 8 RET 29FD RET","Miscellaneous Mathematical Symbols-B (U+2980 to U+29FF)" 
"U+29FE","⧾","E2A7BE","C-x 8 RET 29FE RET","Miscellaneous Mathematical Symbols-B (U+2980 to U+29FF)" 
"U+29FF","⧿","E2A7BF","C-x 8 RET 29FF RET","Miscellaneous Mathematical Symbols-B (U+2980 to U+29FF)" 
"U+2300","⌀","E28C80","C-x 8 RET 2300 RET","Miscellaneous Technical (U+2300 to U+23FF)" 
"U+2301","⌁","E28C81","C-x 8 RET 2301 RET","Miscellaneous Technical (U+2300 to U+23FF)" 
"U+2302","⌂","E28C82","C-x 8 RET 2302 RET","Miscellaneous Technical (U+2300 to U+23FF)" 
"U+2303","⌃","E28C83","C-x 8 RET 2303 RET","Miscellaneous Technical (U+2300 to U+23FF)" 
"U+2304","⌄","E28C84","C-x 8 RET 2304 RET","Miscellaneous Technical (U+2300 to U+23FF)" 
"U+2305","⌅","E28C85","C-x 8 RET 2305 RET","Miscellaneous Technical (U+2300 to U+23FF)" 
"U+2306","⌆","E28C86","C-x 8 RET 2306 RET","Miscellaneous Technical (U+2300 to U+23FF)" 
"U+2307","⌇","E28C87","C-x 8 RET 2307 RET","Miscellaneous Technical (U+2300 to U+23FF)" 
"U+2308","⌈","E28C88","C-x 8 RET 2308 RET","Miscellaneous Technical (U+2300 to U+23FF)" 
"U+2309","⌉","E28C89","C-x 8 RET 2309 RET","Miscellaneous Technical (U+2300 to U+23FF)" 
"U+230A","⌊","E28C8A","C-x 8 RET 230A RET","Miscellaneous Technical (U+2300 to U+23FF)" 
"U+230B","⌋","E28C8B","C-x 8 RET 230B RET","Miscellaneous Technical (U+2300 to U+23FF)" 
"U+230C","⌌","E28C8C","C-x 8 RET 230C RET","Miscellaneous Technical (U+2300 to U+23FF)" 
"U+230D","⌍","E28C8D","C-x 8 RET 230D RET","Miscellaneous Technical (U+2300 to U+23FF)" 
"U+230E","⌎","E28C8E","C-x 8 RET 230E RET","Miscellaneous Technical (U+2300 to U+23FF)" 
"U+230F","⌏","E28C8F","C-x 8 RET 230F RET","Miscellaneous Technical (U+2300 to U+23FF)" 
"U+2310","⌐","E28C90","C-x 8 RET 2310 RET","Miscellaneous Technical (U+2300 to U+23FF)" 
"U+2311","⌑","E28C91","C-x 8 RET 2311 RET","Miscellaneous Technical (U+2300 to U+23FF)" 
"U+2312","⌒","E28C92","C-x 8 RET 2312 RET","Miscellaneous Technical (U+2300 to U+23FF)" 
"U+2313","⌓","E28C93","C-x 8 RET 2313 RET","Miscellaneous Technical (U+2300 to U+23FF)" 
"U+2314","⌔","E28C94","C-x 8 RET 2314 RET","Miscellaneous Technical (U+2300 to U+23FF)" 
"U+2315","⌕","E28C95","C-x 8 RET 2315 RET","Miscellaneous Technical (U+2300 to U+23FF)" 
"U+2316","⌖","E28C96","C-x 8 RET 2316 RET","Miscellaneous Technical (U+2300 to U+23FF)" 
"U+2317","⌗","E28C97","C-x 8 RET 2317 RET","Miscellaneous Technical (U+2300 to U+23FF)" 
"U+2318","⌘","E28C98","C-x 8 RET 2318 RET","Miscellaneous Technical (U+2300 to U+23FF)" 
"U+2319","⌙","E28C99","C-x 8 RET 2319 RET","Miscellaneous Technical (U+2300 to U+23FF)" 
"U+231A","⌚","E28C9A","C-x 8 RET 231A RET","Miscellaneous Technical (U+2300 to U+23FF)" 
"U+231B","⌛","E28C9B","C-x 8 RET 231B RET","Miscellaneous Technical (U+2300 to U+23FF)" 
"U+231C","⌜","E28C9C","C-x 8 RET 231C RET","Miscellaneous Technical (U+2300 to U+23FF)" 
"U+231D","⌝","E28C9D","C-x 8 RET 231D RET","Miscellaneous Technical (U+2300 to U+23FF)" 
"U+231E","⌞","E28C9E","C-x 8 RET 231E RET","Miscellaneous Technical (U+2300 to U+23FF)" 
"U+231F","⌟","E28C9F","C-x 8 RET 231F RET","Miscellaneous Technical (U+2300 to U+23FF)" 
"U+2320","⌠","E28CA0","C-x 8 RET 2320 RET","Miscellaneous Technical (U+2300 to U+23FF)" 
"U+2321","⌡","E28CA1","C-x 8 RET 2321 RET","Miscellaneous Technical (U+2300 to U+23FF)" 
"U+2322","⌢","E28CA2","C-x 8 RET 2322 RET","Miscellaneous Technical (U+2300 to U+23FF)" 
"U+2323","⌣","E28CA3","C-x 8 RET 2323 RET","Miscellaneous Technical (U+2300 to U+23FF)" 
"U+2324","⌤","E28CA4","C-x 8 RET 2324 RET","Miscellaneous Technical (U+2300 to U+23FF)" 
"U+2325","⌥","E28CA5","C-x 8 RET 2325 RET","Miscellaneous Technical (U+2300 to U+23FF)" 
"U+2326","⌦","E28CA6","C-x 8 RET 2326 RET","Miscellaneous Technical (U+2300 to U+23FF)" 
"U+2327","⌧","E28CA7","C-x 8 RET 2327 RET","Miscellaneous Technical (U+2300 to U+23FF)" 
"U+2328","⌨","E28CA8","C-x 8 RET 2328 RET","Miscellaneous Technical (U+2300 to U+23FF)" 
"U+2329","〈","E28CA9","C-x 8 RET 2329 RET","Miscellaneous Technical (U+2300 to U+23FF)" 
"U+232A","〉","E28CAA","C-x 8 RET 232A RET","Miscellaneous Technical (U+2300 to U+23FF)" 
"U+232B","⌫","E28CAB","C-x 8 RET 232B RET","Miscellaneous Technical (U+2300 to U+23FF)" 
"U+232C","⌬","E28CAC","C-x 8 RET 232C RET","Miscellaneous Technical (U+2300 to U+23FF)" 
"U+232D","⌭","E28CAD","C-x 8 RET 232D RET","Miscellaneous Technical (U+2300 to U+23FF)" 
"U+232E","⌮","E28CAE","C-x 8 RET 232E RET","Miscellaneous Technical (U+2300 to U+23FF)" 
"U+232F","⌯","E28CAF","C-x 8 RET 232F RET","Miscellaneous Technical (U+2300 to U+23FF)" 
"U+2330","⌰","E28CB0","C-x 8 RET 2330 RET","Miscellaneous Technical (U+2300 to U+23FF)" 
"U+2331","⌱","E28CB1","C-x 8 RET 2331 RET","Miscellaneous Technical (U+2300 to U+23FF)" 
"U+2332","⌲","E28CB2","C-x 8 RET 2332 RET","Miscellaneous Technical (U+2300 to U+23FF)" 
"U+2333","⌳","E28CB3","C-x 8 RET 2333 RET","Miscellaneous Technical (U+2300 to U+23FF)" 
"U+2334","⌴","E28CB4","C-x 8 RET 2334 RET","Miscellaneous Technical (U+2300 to U+23FF)" 
"U+2335","⌵","E28CB5","C-x 8 RET 2335 RET","Miscellaneous Technical (U+2300 to U+23FF)" 
"U+2336","⌶","E28CB6","C-x 8 RET 2336 RET","Miscellaneous Technical (U+2300 to U+23FF)" 
"U+2337","⌷","E28CB7","C-x 8 RET 2337 RET","Miscellaneous Technical (U+2300 to U+23FF)" 
"U+2338","⌸","E28CB8","C-x 8 RET 2338 RET","Miscellaneous Technical (U+2300 to U+23FF)" 
"U+2339","⌹","E28CB9","C-x 8 RET 2339 RET","Miscellaneous Technical (U+2300 to U+23FF)" 
"U+233A","⌺","E28CBA","C-x 8 RET 233A RET","Miscellaneous Technical (U+2300 to U+23FF)" 
"U+233B","⌻","E28CBB","C-x 8 RET 233B RET","Miscellaneous Technical (U+2300 to U+23FF)" 
"U+233C","⌼","E28CBC","C-x 8 RET 233C RET","Miscellaneous Technical (U+2300 to U+23FF)" 
"U+233D","⌽","E28CBD","C-x 8 RET 233D RET","Miscellaneous Technical (U+2300 to U+23FF)" 
"U+233E","⌾","E28CBE","C-x 8 RET 233E RET","Miscellaneous Technical (U+2300 to U+23FF)" 
"U+233F","⌿","E28CBF","C-x 8 RET 233F RET","Miscellaneous Technical (U+2300 to U+23FF)" 
"U+2340","⍀","E28D80","C-x 8 RET 2340 RET","Miscellaneous Technical (U+2300 to U+23FF)" 
"U+2341","⍁","E28D81","C-x 8 RET 2341 RET","Miscellaneous Technical (U+2300 to U+23FF)" 
"U+2342","⍂","E28D82","C-x 8 RET 2342 RET","Miscellaneous Technical (U+2300 to U+23FF)" 
"U+2343","⍃","E28D83","C-x 8 RET 2343 RET","Miscellaneous Technical (U+2300 to U+23FF)" 
"U+2344","⍄","E28D84","C-x 8 RET 2344 RET","Miscellaneous Technical (U+2300 to U+23FF)" 
"U+2345","⍅","E28D85","C-x 8 RET 2345 RET","Miscellaneous Technical (U+2300 to U+23FF)" 
"U+2346","⍆","E28D86","C-x 8 RET 2346 RET","Miscellaneous Technical (U+2300 to U+23FF)" 
"U+2347","⍇","E28D87","C-x 8 RET 2347 RET","Miscellaneous Technical (U+2300 to U+23FF)" 
"U+2348","⍈","E28D88","C-x 8 RET 2348 RET","Miscellaneous Technical (U+2300 to U+23FF)" 
"U+2349","⍉","E28D89","C-x 8 RET 2349 RET","Miscellaneous Technical (U+2300 to U+23FF)" 
"U+234A","⍊","E28D8A","C-x 8 RET 234A RET","Miscellaneous Technical (U+2300 to U+23FF)" 
"U+234B","⍋","E28D8B","C-x 8 RET 234B RET","Miscellaneous Technical (U+2300 to U+23FF)" 
"U+234C","⍌","E28D8C","C-x 8 RET 234C RET","Miscellaneous Technical (U+2300 to U+23FF)" 
"U+234D","⍍","E28D8D","C-x 8 RET 234D RET","Miscellaneous Technical (U+2300 to U+23FF)" 
"U+234E","⍎","E28D8E","C-x 8 RET 234E RET","Miscellaneous Technical (U+2300 to U+23FF)" 
"U+234F","⍏","E28D8F","C-x 8 RET 234F RET","Miscellaneous Technical (U+2300 to U+23FF)" 
"U+2350","⍐","E28D90","C-x 8 RET 2350 RET","Miscellaneous Technical (U+2300 to U+23FF)" 
"U+2351","⍑","E28D91","C-x 8 RET 2351 RET","Miscellaneous Technical (U+2300 to U+23FF)" 
"U+2352","⍒","E28D92","C-x 8 RET 2352 RET","Miscellaneous Technical (U+2300 to U+23FF)" 
"U+2353","⍓","E28D93","C-x 8 RET 2353 RET","Miscellaneous Technical (U+2300 to U+23FF)" 
"U+2354","⍔","E28D94","C-x 8 RET 2354 RET","Miscellaneous Technical (U+2300 to U+23FF)" 
"U+2355","⍕","E28D95","C-x 8 RET 2355 RET","Miscellaneous Technical (U+2300 to U+23FF)" 
"U+2356","⍖","E28D96","C-x 8 RET 2356 RET","Miscellaneous Technical (U+2300 to U+23FF)" 
"U+2357","⍗","E28D97","C-x 8 RET 2357 RET","Miscellaneous Technical (U+2300 to U+23FF)" 
"U+2358","⍘","E28D98","C-x 8 RET 2358 RET","Miscellaneous Technical (U+2300 to U+23FF)" 
"U+2359","⍙","E28D99","C-x 8 RET 2359 RET","Miscellaneous Technical (U+2300 to U+23FF)" 
"U+235A","⍚","E28D9A","C-x 8 RET 235A RET","Miscellaneous Technical (U+2300 to U+23FF)" 
"U+235B","⍛","E28D9B","C-x 8 RET 235B RET","Miscellaneous Technical (U+2300 to U+23FF)" 
"U+235C","⍜","E28D9C","C-x 8 RET 235C RET","Miscellaneous Technical (U+2300 to U+23FF)" 
"U+235D","⍝","E28D9D","C-x 8 RET 235D RET","Miscellaneous Technical (U+2300 to U+23FF)" 
"U+235E","⍞","E28D9E","C-x 8 RET 235E RET","Miscellaneous Technical (U+2300 to U+23FF)" 
"U+235F","⍟","E28D9F","C-x 8 RET 235F RET","Miscellaneous Technical (U+2300 to U+23FF)" 
"U+2360","⍠","E28DA0","C-x 8 RET 2360 RET","Miscellaneous Technical (U+2300 to U+23FF)" 
"U+2361","⍡","E28DA1","C-x 8 RET 2361 RET","Miscellaneous Technical (U+2300 to U+23FF)" 
"U+2362","⍢","E28DA2","C-x 8 RET 2362 RET","Miscellaneous Technical (U+2300 to U+23FF)" 
"U+2363","⍣","E28DA3","C-x 8 RET 2363 RET","Miscellaneous Technical (U+2300 to U+23FF)" 
"U+2364","⍤","E28DA4","C-x 8 RET 2364 RET","Miscellaneous Technical (U+2300 to U+23FF)" 
"U+2365","⍥","E28DA5","C-x 8 RET 2365 RET","Miscellaneous Technical (U+2300 to U+23FF)" 
"U+2366","⍦","E28DA6","C-x 8 RET 2366 RET","Miscellaneous Technical (U+2300 to U+23FF)" 
"U+2367","⍧","E28DA7","C-x 8 RET 2367 RET","Miscellaneous Technical (U+2300 to U+23FF)" 
"U+2368","⍨","E28DA8","C-x 8 RET 2368 RET","Miscellaneous Technical (U+2300 to U+23FF)" 
"U+2369","⍩","E28DA9","C-x 8 RET 2369 RET","Miscellaneous Technical (U+2300 to U+23FF)" 
"U+236A","⍪","E28DAA","C-x 8 RET 236A RET","Miscellaneous Technical (U+2300 to U+23FF)" 
"U+236B","⍫","E28DAB","C-x 8 RET 236B RET","Miscellaneous Technical (U+2300 to U+23FF)" 
"U+236C","⍬","E28DAC","C-x 8 RET 236C RET","Miscellaneous Technical (U+2300 to U+23FF)" 
"U+236D","⍭","E28DAD","C-x 8 RET 236D RET","Miscellaneous Technical (U+2300 to U+23FF)" 
"U+236E","⍮","E28DAE","C-x 8 RET 236E RET","Miscellaneous Technical (U+2300 to U+23FF)" 
"U+236F","⍯","E28DAF","C-x 8 RET 236F RET","Miscellaneous Technical (U+2300 to U+23FF)" 
"U+2370","⍰","E28DB0","C-x 8 RET 2370 RET","Miscellaneous Technical (U+2300 to U+23FF)" 
"U+2371","⍱","E28DB1","C-x 8 RET 2371 RET","Miscellaneous Technical (U+2300 to U+23FF)" 
"U+2372","⍲","E28DB2","C-x 8 RET 2372 RET","Miscellaneous Technical (U+2300 to U+23FF)" 
"U+2373","⍳","E28DB3","C-x 8 RET 2373 RET","Miscellaneous Technical (U+2300 to U+23FF)" 
"U+2374","⍴","E28DB4","C-x 8 RET 2374 RET","Miscellaneous Technical (U+2300 to U+23FF)" 
"U+2375","⍵","E28DB5","C-x 8 RET 2375 RET","Miscellaneous Technical (U+2300 to U+23FF)" 
"U+2376","⍶","E28DB6","C-x 8 RET 2376 RET","Miscellaneous Technical (U+2300 to U+23FF)" 
"U+2377","⍷","E28DB7","C-x 8 RET 2377 RET","Miscellaneous Technical (U+2300 to U+23FF)" 
"U+2378","⍸","E28DB8","C-x 8 RET 2378 RET","Miscellaneous Technical (U+2300 to U+23FF)" 
"U+2379","⍹","E28DB9","C-x 8 RET 2379 RET","Miscellaneous Technical (U+2300 to U+23FF)" 
"U+237A","⍺","E28DBA","C-x 8 RET 237A RET","Miscellaneous Technical (U+2300 to U+23FF)" 
"U+237B","⍻","E28DBB","C-x 8 RET 237B RET","Miscellaneous Technical (U+2300 to U+23FF)" 
"U+237C","⍼","E28DBC","C-x 8 RET 237C RET","Miscellaneous Technical (U+2300 to U+23FF)" 
"U+237D","⍽","E28DBD","C-x 8 RET 237D RET","Miscellaneous Technical (U+2300 to U+23FF)" 
"U+237E","⍾","E28DBE","C-x 8 RET 237E RET","Miscellaneous Technical (U+2300 to U+23FF)" 
"U+237F","⍿","E28DBF","C-x 8 RET 237F RET","Miscellaneous Technical (U+2300 to U+23FF)" 
"U+2380","⎀","E28E80","C-x 8 RET 2380 RET","Miscellaneous Technical (U+2300 to U+23FF)" 
"U+2381","⎁","E28E81","C-x 8 RET 2381 RET","Miscellaneous Technical (U+2300 to U+23FF)" 
"U+2382","⎂","E28E82","C-x 8 RET 2382 RET","Miscellaneous Technical (U+2300 to U+23FF)" 
"U+2383","⎃","E28E83","C-x 8 RET 2383 RET","Miscellaneous Technical (U+2300 to U+23FF)" 
"U+2384","⎄","E28E84","C-x 8 RET 2384 RET","Miscellaneous Technical (U+2300 to U+23FF)" 
"U+2385","⎅","E28E85","C-x 8 RET 2385 RET","Miscellaneous Technical (U+2300 to U+23FF)" 
"U+2386","⎆","E28E86","C-x 8 RET 2386 RET","Miscellaneous Technical (U+2300 to U+23FF)" 
"U+2387","⎇","E28E87","C-x 8 RET 2387 RET","Miscellaneous Technical (U+2300 to U+23FF)" 
"U+2388","⎈","E28E88","C-x 8 RET 2388 RET","Miscellaneous Technical (U+2300 to U+23FF)" 
"U+2389","⎉","E28E89","C-x 8 RET 2389 RET","Miscellaneous Technical (U+2300 to U+23FF)" 
"U+238A","⎊","E28E8A","C-x 8 RET 238A RET","Miscellaneous Technical (U+2300 to U+23FF)" 
"U+238B","⎋","E28E8B","C-x 8 RET 238B RET","Miscellaneous Technical (U+2300 to U+23FF)" 
"U+238C","⎌","E28E8C","C-x 8 RET 238C RET","Miscellaneous Technical (U+2300 to U+23FF)" 
"U+238D","⎍","E28E8D","C-x 8 RET 238D RET","Miscellaneous Technical (U+2300 to U+23FF)" 
"U+238E","⎎","E28E8E","C-x 8 RET 238E RET","Miscellaneous Technical (U+2300 to U+23FF)" 
"U+238F","⎏","E28E8F","C-x 8 RET 238F RET","Miscellaneous Technical (U+2300 to U+23FF)" 
"U+2390","⎐","E28E90","C-x 8 RET 2390 RET","Miscellaneous Technical (U+2300 to U+23FF)" 
"U+2391","⎑","E28E91","C-x 8 RET 2391 RET","Miscellaneous Technical (U+2300 to U+23FF)" 
"U+2392","⎒","E28E92","C-x 8 RET 2392 RET","Miscellaneous Technical (U+2300 to U+23FF)" 
"U+2393","⎓","E28E93","C-x 8 RET 2393 RET","Miscellaneous Technical (U+2300 to U+23FF)" 
"U+2394","⎔","E28E94","C-x 8 RET 2394 RET","Miscellaneous Technical (U+2300 to U+23FF)" 
"U+2395","⎕","E28E95","C-x 8 RET 2395 RET","Miscellaneous Technical (U+2300 to U+23FF)" 
"U+2396","⎖","E28E96","C-x 8 RET 2396 RET","Miscellaneous Technical (U+2300 to U+23FF)" 
"U+2397","⎗","E28E97","C-x 8 RET 2397 RET","Miscellaneous Technical (U+2300 to U+23FF)" 
"U+2398","⎘","E28E98","C-x 8 RET 2398 RET","Miscellaneous Technical (U+2300 to U+23FF)" 
"U+2399","⎙","E28E99","C-x 8 RET 2399 RET","Miscellaneous Technical (U+2300 to U+23FF)" 
"U+239A","⎚","E28E9A","C-x 8 RET 239A RET","Miscellaneous Technical (U+2300 to U+23FF)" 
"U+239B","⎛","E28E9B","C-x 8 RET 239B RET","Miscellaneous Technical (U+2300 to U+23FF)" 
"U+239C","⎜","E28E9C","C-x 8 RET 239C RET","Miscellaneous Technical (U+2300 to U+23FF)" 
"U+239D","⎝","E28E9D","C-x 8 RET 239D RET","Miscellaneous Technical (U+2300 to U+23FF)" 
"U+239E","⎞","E28E9E","C-x 8 RET 239E RET","Miscellaneous Technical (U+2300 to U+23FF)" 
"U+239F","⎟","E28E9F","C-x 8 RET 239F RET","Miscellaneous Technical (U+2300 to U+23FF)" 
"U+23A0","⎠","E28EA0","C-x 8 RET 23A0 RET","Miscellaneous Technical (U+2300 to U+23FF)" 
"U+23A1","⎡","E28EA1","C-x 8 RET 23A1 RET","Miscellaneous Technical (U+2300 to U+23FF)" 
"U+23A2","⎢","E28EA2","C-x 8 RET 23A2 RET","Miscellaneous Technical (U+2300 to U+23FF)" 
"U+23A3","⎣","E28EA3","C-x 8 RET 23A3 RET","Miscellaneous Technical (U+2300 to U+23FF)" 
"U+23A4","⎤","E28EA4","C-x 8 RET 23A4 RET","Miscellaneous Technical (U+2300 to U+23FF)" 
"U+23A5","⎥","E28EA5","C-x 8 RET 23A5 RET","Miscellaneous Technical (U+2300 to U+23FF)" 
"U+23A6","⎦","E28EA6","C-x 8 RET 23A6 RET","Miscellaneous Technical (U+2300 to U+23FF)" 
"U+23A7","⎧","E28EA7","C-x 8 RET 23A7 RET","Miscellaneous Technical (U+2300 to U+23FF)" 
"U+23A8","⎨","E28EA8","C-x 8 RET 23A8 RET","Miscellaneous Technical (U+2300 to U+23FF)" 
"U+23A9","⎩","E28EA9","C-x 8 RET 23A9 RET","Miscellaneous Technical (U+2300 to U+23FF)" 
"U+23AA","⎪","E28EAA","C-x 8 RET 23AA RET","Miscellaneous Technical (U+2300 to U+23FF)" 
"U+23AB","⎫","E28EAB","C-x 8 RET 23AB RET","Miscellaneous Technical (U+2300 to U+23FF)" 
"U+23AC","⎬","E28EAC","C-x 8 RET 23AC RET","Miscellaneous Technical (U+2300 to U+23FF)" 
"U+23AD","⎭","E28EAD","C-x 8 RET 23AD RET","Miscellaneous Technical (U+2300 to U+23FF)" 
"U+23AE","⎮","E28EAE","C-x 8 RET 23AE RET","Miscellaneous Technical (U+2300 to U+23FF)" 
"U+23AF","⎯","E28EAF","C-x 8 RET 23AF RET","Miscellaneous Technical (U+2300 to U+23FF)" 
"U+23B0","⎰","E28EB0","C-x 8 RET 23B0 RET","Miscellaneous Technical (U+2300 to U+23FF)" 
"U+23B1","⎱","E28EB1","C-x 8 RET 23B1 RET","Miscellaneous Technical (U+2300 to U+23FF)" 
"U+23B2","⎲","E28EB2","C-x 8 RET 23B2 RET","Miscellaneous Technical (U+2300 to U+23FF)" 
"U+23B3","⎳","E28EB3","C-x 8 RET 23B3 RET","Miscellaneous Technical (U+2300 to U+23FF)" 
"U+23B4","⎴","E28EB4","C-x 8 RET 23B4 RET","Miscellaneous Technical (U+2300 to U+23FF)" 
"U+23B5","⎵","E28EB5","C-x 8 RET 23B5 RET","Miscellaneous Technical (U+2300 to U+23FF)" 
"U+23B6","⎶","E28EB6","C-x 8 RET 23B6 RET","Miscellaneous Technical (U+2300 to U+23FF)" 
"U+23B7","⎷","E28EB7","C-x 8 RET 23B7 RET","Miscellaneous Technical (U+2300 to U+23FF)" 
"U+23B8","⎸","E28EB8","C-x 8 RET 23B8 RET","Miscellaneous Technical (U+2300 to U+23FF)" 
"U+23B9","⎹","E28EB9","C-x 8 RET 23B9 RET","Miscellaneous Technical (U+2300 to U+23FF)" 
"U+23BA","⎺","E28EBA","C-x 8 RET 23BA RET","Miscellaneous Technical (U+2300 to U+23FF)" 
"U+23BB","⎻","E28EBB","C-x 8 RET 23BB RET","Miscellaneous Technical (U+2300 to U+23FF)" 
"U+23BC","⎼","E28EBC","C-x 8 RET 23BC RET","Miscellaneous Technical (U+2300 to U+23FF)" 
"U+23BD","⎽","E28EBD","C-x 8 RET 23BD RET","Miscellaneous Technical (U+2300 to U+23FF)" 
"U+23BE","⎾","E28EBE","C-x 8 RET 23BE RET","Miscellaneous Technical (U+2300 to U+23FF)" 
"U+23BF","⎿","E28EBF","C-x 8 RET 23BF RET","Miscellaneous Technical (U+2300 to U+23FF)" 
"U+23C0","⏀","E28F80","C-x 8 RET 23C0 RET","Miscellaneous Technical (U+2300 to U+23FF)" 
"U+23C1","⏁","E28F81","C-x 8 RET 23C1 RET","Miscellaneous Technical (U+2300 to U+23FF)" 
"U+23C2","⏂","E28F82","C-x 8 RET 23C2 RET","Miscellaneous Technical (U+2300 to U+23FF)" 
"U+23C3","⏃","E28F83","C-x 8 RET 23C3 RET","Miscellaneous Technical (U+2300 to U+23FF)" 
"U+23C4","⏄","E28F84","C-x 8 RET 23C4 RET","Miscellaneous Technical (U+2300 to U+23FF)" 
"U+23C5","⏅","E28F85","C-x 8 RET 23C5 RET","Miscellaneous Technical (U+2300 to U+23FF)" 
"U+23C6","⏆","E28F86","C-x 8 RET 23C6 RET","Miscellaneous Technical (U+2300 to U+23FF)" 
"U+23C7","⏇","E28F87","C-x 8 RET 23C7 RET","Miscellaneous Technical (U+2300 to U+23FF)" 
"U+23C8","⏈","E28F88","C-x 8 RET 23C8 RET","Miscellaneous Technical (U+2300 to U+23FF)" 
"U+23C9","⏉","E28F89","C-x 8 RET 23C9 RET","Miscellaneous Technical (U+2300 to U+23FF)" 
"U+23CA","⏊","E28F8A","C-x 8 RET 23CA RET","Miscellaneous Technical (U+2300 to U+23FF)" 
"U+23CB","⏋","E28F8B","C-x 8 RET 23CB RET","Miscellaneous Technical (U+2300 to U+23FF)" 
"U+23CC","⏌","E28F8C","C-x 8 RET 23CC RET","Miscellaneous Technical (U+2300 to U+23FF)" 
"U+23CD","⏍","E28F8D","C-x 8 RET 23CD RET","Miscellaneous Technical (U+2300 to U+23FF)" 
"U+23CE","⏎","E28F8E","C-x 8 RET 23CE RET","Miscellaneous Technical (U+2300 to U+23FF)" 
"U+23CF","⏏","E28F8F","C-x 8 RET 23CF RET","Miscellaneous Technical (U+2300 to U+23FF)" 
"U+23D0","⏐","E28F90","C-x 8 RET 23D0 RET","Miscellaneous Technical (U+2300 to U+23FF)" 
"U+23D1","⏑","E28F91","C-x 8 RET 23D1 RET","Miscellaneous Technical (U+2300 to U+23FF)" 
"U+23D2","⏒","E28F92","C-x 8 RET 23D2 RET","Miscellaneous Technical (U+2300 to U+23FF)" 
"U+23D3","⏓","E28F93","C-x 8 RET 23D3 RET","Miscellaneous Technical (U+2300 to U+23FF)" 
"U+23D4","⏔","E28F94","C-x 8 RET 23D4 RET","Miscellaneous Technical (U+2300 to U+23FF)" 
"U+23D5","⏕","E28F95","C-x 8 RET 23D5 RET","Miscellaneous Technical (U+2300 to U+23FF)" 
"U+23D6","⏖","E28F96","C-x 8 RET 23D6 RET","Miscellaneous Technical (U+2300 to U+23FF)" 
"U+23D7","⏗","E28F97","C-x 8 RET 23D7 RET","Miscellaneous Technical (U+2300 to U+23FF)" 
"U+23D8","⏘","E28F98","C-x 8 RET 23D8 RET","Miscellaneous Technical (U+2300 to U+23FF)" 
"U+23D9","⏙","E28F99","C-x 8 RET 23D9 RET","Miscellaneous Technical (U+2300 to U+23FF)" 
"U+23DA","⏚","E28F9A","C-x 8 RET 23DA RET","Miscellaneous Technical (U+2300 to U+23FF)" 
"U+23DB","⏛","E28F9B","C-x 8 RET 23DB RET","Miscellaneous Technical (U+2300 to U+23FF)" 
"U+23DC","⏜","E28F9C","C-x 8 RET 23DC RET","Miscellaneous Technical (U+2300 to U+23FF)" 
"U+23DD","⏝","E28F9D","C-x 8 RET 23DD RET","Miscellaneous Technical (U+2300 to U+23FF)" 
"U+23DE","⏞","E28F9E","C-x 8 RET 23DE RET","Miscellaneous Technical (U+2300 to U+23FF)" 
"U+23DF","⏟","E28F9F","C-x 8 RET 23DF RET","Miscellaneous Technical (U+2300 to U+23FF)" 
"U+23E0","⏠","E28FA0","C-x 8 RET 23E0 RET","Miscellaneous Technical (U+2300 to U+23FF)" 
"U+23E1","⏡","E28FA1","C-x 8 RET 23E1 RET","Miscellaneous Technical (U+2300 to U+23FF)" 
"U+23E2","⏢","E28FA2","C-x 8 RET 23E2 RET","Miscellaneous Technical (U+2300 to U+23FF)" 
"U+23E3","⏣","E28FA3","C-x 8 RET 23E3 RET","Miscellaneous Technical (U+2300 to U+23FF)" 
"U+23E4","⏤","E28FA4","C-x 8 RET 23E4 RET","Miscellaneous Technical (U+2300 to U+23FF)" 
"U+23E5","⏥","E28FA5","C-x 8 RET 23E5 RET","Miscellaneous Technical (U+2300 to U+23FF)" 
"U+23E6","⏦","E28FA6","C-x 8 RET 23E6 RET","Miscellaneous Technical (U+2300 to U+23FF)" 
"U+23E7","⏧","E28FA7","C-x 8 RET 23E7 RET","Miscellaneous Technical (U+2300 to U+23FF)" 
"U+23E8","⏨","E28FA8","C-x 8 RET 23E8 RET","Miscellaneous Technical (U+2300 to U+23FF)" 
"U+23E9","⏩","E28FA9","C-x 8 RET 23E9 RET","Miscellaneous Technical (U+2300 to U+23FF)" 
"U+23EA","⏪","E28FAA","C-x 8 RET 23EA RET","Miscellaneous Technical (U+2300 to U+23FF)" 
"U+23EB","⏫","E28FAB","C-x 8 RET 23EB RET","Miscellaneous Technical (U+2300 to U+23FF)" 
"U+23EC","⏬","E28FAC","C-x 8 RET 23EC RET","Miscellaneous Technical (U+2300 to U+23FF)" 
"U+23ED","⏭","E28FAD","C-x 8 RET 23ED RET","Miscellaneous Technical (U+2300 to U+23FF)" 
"U+23EE","⏮","E28FAE","C-x 8 RET 23EE RET","Miscellaneous Technical (U+2300 to U+23FF)" 
"U+23EF","⏯","E28FAF","C-x 8 RET 23EF RET","Miscellaneous Technical (U+2300 to U+23FF)" 
"U+23F0","⏰","E28FB0","C-x 8 RET 23F0 RET","Miscellaneous Technical (U+2300 to U+23FF)" 
"U+23F1","⏱","E28FB1","C-x 8 RET 23F1 RET","Miscellaneous Technical (U+2300 to U+23FF)" 
"U+23F2","⏲","E28FB2","C-x 8 RET 23F2 RET","Miscellaneous Technical (U+2300 to U+23FF)" 
"U+23F3","⏳","E28FB3","C-x 8 RET 23F3 RET","Miscellaneous Technical (U+2300 to U+23FF)" 
"U+23F4","⏴","E28FB4","C-x 8 RET 23F4 RET","Miscellaneous Technical (U+2300 to U+23FF)" 
"U+23F5","⏵","E28FB5","C-x 8 RET 23F5 RET","Miscellaneous Technical (U+2300 to U+23FF)" 
"U+23F6","⏶","E28FB6","C-x 8 RET 23F6 RET","Miscellaneous Technical (U+2300 to U+23FF)" 
"U+23F7","⏷","E28FB7","C-x 8 RET 23F7 RET","Miscellaneous Technical (U+2300 to U+23FF)" 
"U+23F8","⏸","E28FB8","C-x 8 RET 23F8 RET","Miscellaneous Technical (U+2300 to U+23FF)" 
"U+23F9","⏹","E28FB9","C-x 8 RET 23F9 RET","Miscellaneous Technical (U+2300 to U+23FF)" 
"U+23FA","⏺","E28FBA","C-x 8 RET 23FA RET","Miscellaneous Technical (U+2300 to U+23FF)" 
"U+23FB","⏻","E28FBB","C-x 8 RET 23FB RET","Miscellaneous Technical (U+2300 to U+23FF)" 
"U+23FC","⏼","E28FBC","C-x 8 RET 23FC RET","Miscellaneous Technical (U+2300 to U+23FF)" 
"U+23FD","⏽","E28FBD","C-x 8 RET 23FD RET","Miscellaneous Technical (U+2300 to U+23FF)" 
"U+23FE","⏾","E28FBE","C-x 8 RET 23FE RET","Miscellaneous Technical (U+2300 to U+23FF)" 
"U+23FF","⏿","E28FBF","C-x 8 RET 23FF RET","Miscellaneous Technical (U+2300 to U+23FF)" 
"U+2100","℀","E28480","C-x 8 RET 2100 RET","Letterlike Symbols (U+2100 to U+214F)" 
"U+2101","℁","E28481","C-x 8 RET 2101 RET","Letterlike Symbols (U+2100 to U+214F)" 
"U+2102","ℂ","E28482","C-x 8 RET 2102 RET","Letterlike Symbols (U+2100 to U+214F)" 
"U+2103","℃","E28483","C-x 8 RET 2103 RET","Letterlike Symbols (U+2100 to U+214F)" 
"U+2104","℄","E28484","C-x 8 RET 2104 RET","Letterlike Symbols (U+2100 to U+214F)" 
"U+2105","℅","E28485","C-x 8 RET 2105 RET","Letterlike Symbols (U+2100 to U+214F)" 
"U+2106","℆","E28486","C-x 8 RET 2106 RET","Letterlike Symbols (U+2100 to U+214F)" 
"U+2107","ℇ","E28487","C-x 8 RET 2107 RET","Letterlike Symbols (U+2100 to U+214F)" 
"U+2108","℈","E28488","C-x 8 RET 2108 RET","Letterlike Symbols (U+2100 to U+214F)" 
"U+2109","℉","E28489","C-x 8 RET 2109 RET","Letterlike Symbols (U+2100 to U+214F)" 
"U+210A","ℊ","E2848A","C-x 8 RET 210A RET","Letterlike Symbols (U+2100 to U+214F)" 
"U+210B","ℋ","E2848B","C-x 8 RET 210B RET","Letterlike Symbols (U+2100 to U+214F)" 
"U+210C","ℌ","E2848C","C-x 8 RET 210C RET","Letterlike Symbols (U+2100 to U+214F)" 
"U+210D","ℍ","E2848D","C-x 8 RET 210D RET","Letterlike Symbols (U+2100 to U+214F)" 
"U+210E","ℎ","E2848E","C-x 8 RET 210E RET","Letterlike Symbols (U+2100 to U+214F)" 
"U+210F","ℏ","E2848F","C-x 8 RET 210F RET","Letterlike Symbols (U+2100 to U+214F)" 
"U+2110","ℐ","E28490","C-x 8 RET 2110 RET","Letterlike Symbols (U+2100 to U+214F)" 
"U+2111","ℑ","E28491","C-x 8 RET 2111 RET","Letterlike Symbols (U+2100 to U+214F)" 
"U+2112","ℒ","E28492","C-x 8 RET 2112 RET","Letterlike Symbols (U+2100 to U+214F)" 
"U+2113","ℓ","E28493","C-x 8 RET 2113 RET","Letterlike Symbols (U+2100 to U+214F)" 
"U+2114","℔","E28494","C-x 8 RET 2114 RET","Letterlike Symbols (U+2100 to U+214F)" 
"U+2115","ℕ","E28495","C-x 8 RET 2115 RET","Letterlike Symbols (U+2100 to U+214F)" 
"U+2116","№","E28496","C-x 8 RET 2116 RET","Letterlike Symbols (U+2100 to U+214F)" 
"U+2117","℗","E28497","C-x 8 RET 2117 RET","Letterlike Symbols (U+2100 to U+214F)" 
"U+2118","℘","E28498","C-x 8 RET 2118 RET","Letterlike Symbols (U+2100 to U+214F)" 
"U+2119","ℙ","E28499","C-x 8 RET 2119 RET","Letterlike Symbols (U+2100 to U+214F)" 
"U+211A","ℚ","E2849A","C-x 8 RET 211A RET","Letterlike Symbols (U+2100 to U+214F)" 
"U+211B","ℛ","E2849B","C-x 8 RET 211B RET","Letterlike Symbols (U+2100 to U+214F)" 
"U+211C","ℜ","E2849C","C-x 8 RET 211C RET","Letterlike Symbols (U+2100 to U+214F)" 
"U+211D","ℝ","E2849D","C-x 8 RET 211D RET","Letterlike Symbols (U+2100 to U+214F)" 
"U+211E","℞","E2849E","C-x 8 RET 211E RET","Letterlike Symbols (U+2100 to U+214F)" 
"U+211F","℟","E2849F","C-x 8 RET 211F RET","Letterlike Symbols (U+2100 to U+214F)" 
"U+2120","℠","E284A0","C-x 8 RET 2120 RET","Letterlike Symbols (U+2100 to U+214F)" 
"U+2121","℡","E284A1","C-x 8 RET 2121 RET","Letterlike Symbols (U+2100 to U+214F)" 
"U+2122","™","E284A2","C-x 8 RET 2122 RET","Letterlike Symbols (U+2100 to U+214F)" 
"U+2123","℣","E284A3","C-x 8 RET 2123 RET","Letterlike Symbols (U+2100 to U+214F)" 
"U+2124","ℤ","E284A4","C-x 8 RET 2124 RET","Letterlike Symbols (U+2100 to U+214F)" 
"U+2125","℥","E284A5","C-x 8 RET 2125 RET","Letterlike Symbols (U+2100 to U+214F)" 
"U+2126","Ω","E284A6","C-x 8 RET 2126 RET","Letterlike Symbols (U+2100 to U+214F)" 
"U+2127","℧","E284A7","C-x 8 RET 2127 RET","Letterlike Symbols (U+2100 to U+214F)" 
"U+2128","ℨ","E284A8","C-x 8 RET 2128 RET","Letterlike Symbols (U+2100 to U+214F)" 
"U+2129","℩","E284A9","C-x 8 RET 2129 RET","Letterlike Symbols (U+2100 to U+214F)" 
"U+212A","K","E284AA","C-x 8 RET 212A RET","Letterlike Symbols (U+2100 to U+214F)" 
"U+212B","Å","E284AB","C-x 8 RET 212B RET","Letterlike Symbols (U+2100 to U+214F)" 
"U+212C","ℬ","E284AC","C-x 8 RET 212C RET","Letterlike Symbols (U+2100 to U+214F)" 
"U+212D","ℭ","E284AD","C-x 8 RET 212D RET","Letterlike Symbols (U+2100 to U+214F)" 
"U+212E","℮","E284AE","C-x 8 RET 212E RET","Letterlike Symbols (U+2100 to U+214F)" 
"U+212F","ℯ","E284AF","C-x 8 RET 212F RET","Letterlike Symbols (U+2100 to U+214F)" 
"U+2130","ℰ","E284B0","C-x 8 RET 2130 RET","Letterlike Symbols (U+2100 to U+214F)" 
"U+2131","ℱ","E284B1","C-x 8 RET 2131 RET","Letterlike Symbols (U+2100 to U+214F)" 
"U+2132","Ⅎ","E284B2","C-x 8 RET 2132 RET","Letterlike Symbols (U+2100 to U+214F)" 
"U+2133","ℳ","E284B3","C-x 8 RET 2133 RET","Letterlike Symbols (U+2100 to U+214F)" 
"U+2134","ℴ","E284B4","C-x 8 RET 2134 RET","Letterlike Symbols (U+2100 to U+214F)" 
"U+2135","ℵ","E284B5","C-x 8 RET 2135 RET","Letterlike Symbols (U+2100 to U+214F)" 
"U+2136","ℶ","E284B6","C-x 8 RET 2136 RET","Letterlike Symbols (U+2100 to U+214F)" 
"U+2137","ℷ","E284B7","C-x 8 RET 2137 RET","Letterlike Symbols (U+2100 to U+214F)" 
"U+2138","ℸ","E284B8","C-x 8 RET 2138 RET","Letterlike Symbols (U+2100 to U+214F)" 
"U+2139","ℹ","E284B9","C-x 8 RET 2139 RET","Letterlike Symbols (U+2100 to U+214F)" 
"U+213A","℺","E284BA","C-x 8 RET 213A RET","Letterlike Symbols (U+2100 to U+214F)" 
"U+213B","℻","E284BB","C-x 8 RET 213B RET","Letterlike Symbols (U+2100 to U+214F)" 
"U+213C","ℼ","E284BC","C-x 8 RET 213C RET","Letterlike Symbols (U+2100 to U+214F)" 
"U+213D","ℽ","E284BD","C-x 8 RET 213D RET","Letterlike Symbols (U+2100 to U+214F)" 
"U+213E","ℾ","E284BE","C-x 8 RET 213E RET","Letterlike Symbols (U+2100 to U+214F)" 
"U+213F","ℿ","E284BF","C-x 8 RET 213F RET","Letterlike Symbols (U+2100 to U+214F)" 
"U+2140","⅀","E28580","C-x 8 RET 2140 RET","Letterlike Symbols (U+2100 to U+214F)" 
"U+2141","⅁","E28581","C-x 8 RET 2141 RET","Letterlike Symbols (U+2100 to U+214F)" 
"U+2142","⅂","E28582","C-x 8 RET 2142 RET","Letterlike Symbols (U+2100 to U+214F)" 
"U+2143","⅃","E28583","C-x 8 RET 2143 RET","Letterlike Symbols (U+2100 to U+214F)" 
"U+2144","⅄","E28584","C-x 8 RET 2144 RET","Letterlike Symbols (U+2100 to U+214F)" 
"U+2145","ⅅ","E28585","C-x 8 RET 2145 RET","Letterlike Symbols (U+2100 to U+214F)" 
"U+2146","ⅆ","E28586","C-x 8 RET 2146 RET","Letterlike Symbols (U+2100 to U+214F)" 
"U+2147","ⅇ","E28587","C-x 8 RET 2147 RET","Letterlike Symbols (U+2100 to U+214F)" 
"U+2148","ⅈ","E28588","C-x 8 RET 2148 RET","Letterlike Symbols (U+2100 to U+214F)" 
"U+2149","ⅉ","E28589","C-x 8 RET 2149 RET","Letterlike Symbols (U+2100 to U+214F)" 
"U+214A","⅊","E2858A","C-x 8 RET 214A RET","Letterlike Symbols (U+2100 to U+214F)" 
"U+214B","⅋","E2858B","C-x 8 RET 214B RET","Letterlike Symbols (U+2100 to U+214F)" 
"U+214C","⅌","E2858C","C-x 8 RET 214C RET","Letterlike Symbols (U+2100 to U+214F)" 
"U+214D","⅍","E2858D","C-x 8 RET 214D RET","Letterlike Symbols (U+2100 to U+214F)" 
"U+214E","ⅎ","E2858E","C-x 8 RET 214E RET","Letterlike Symbols (U+2100 to U+214F)" 
"U+214F","⅏","E2858F","C-x 8 RET 214F RET","Letterlike Symbols (U+2100 to U+214F)" 
"U+2150","⅐","E28590","C-x 8 RET 2150 RET","Number Forms (U+2150 to U+218F)" 
"U+2151","⅑","E28591","C-x 8 RET 2151 RET","Number Forms (U+2150 to U+218F)" 
"U+2152","⅒","E28592","C-x 8 RET 2152 RET","Number Forms (U+2150 to U+218F)" 
"U+2153","⅓","E28593","C-x 8 RET 2153 RET","Number Forms (U+2150 to U+218F)" 
"U+2154","⅔","E28594","C-x 8 RET 2154 RET","Number Forms (U+2150 to U+218F)" 
"U+2155","⅕","E28595","C-x 8 RET 2155 RET","Number Forms (U+2150 to U+218F)" 
"U+2156","⅖","E28596","C-x 8 RET 2156 RET","Number Forms (U+2150 to U+218F)" 
"U+2157","⅗","E28597","C-x 8 RET 2157 RET","Number Forms (U+2150 to U+218F)" 
"U+2158","⅘","E28598","C-x 8 RET 2158 RET","Number Forms (U+2150 to U+218F)" 
"U+2159","⅙","E28599","C-x 8 RET 2159 RET","Number Forms (U+2150 to U+218F)" 
"U+215A","⅚","E2859A","C-x 8 RET 215A RET","Number Forms (U+2150 to U+218F)" 
"U+215B","⅛","E2859B","C-x 8 RET 215B RET","Number Forms (U+2150 to U+218F)" 
"U+215C","⅜","E2859C","C-x 8 RET 215C RET","Number Forms (U+2150 to U+218F)" 
"U+215D","⅝","E2859D","C-x 8 RET 215D RET","Number Forms (U+2150 to U+218F)" 
"U+215E","⅞","E2859E","C-x 8 RET 215E RET","Number Forms (U+2150 to U+218F)" 
"U+215F","⅟","E2859F","C-x 8 RET 215F RET","Number Forms (U+2150 to U+218F)" 
"U+2160","Ⅰ","E285A0","C-x 8 RET 2160 RET","Number Forms (U+2150 to U+218F)" 
"U+2161","Ⅱ","E285A1","C-x 8 RET 2161 RET","Number Forms (U+2150 to U+218F)" 
"U+2162","Ⅲ","E285A2","C-x 8 RET 2162 RET","Number Forms (U+2150 to U+218F)" 
"U+2163","Ⅳ","E285A3","C-x 8 RET 2163 RET","Number Forms (U+2150 to U+218F)" 
"U+2164","Ⅴ","E285A4","C-x 8 RET 2164 RET","Number Forms (U+2150 to U+218F)" 
"U+2165","Ⅵ","E285A5","C-x 8 RET 2165 RET","Number Forms (U+2150 to U+218F)" 
"U+2166","Ⅶ","E285A6","C-x 8 RET 2166 RET","Number Forms (U+2150 to U+218F)" 
"U+2167","Ⅷ","E285A7","C-x 8 RET 2167 RET","Number Forms (U+2150 to U+218F)" 
"U+2168","Ⅸ","E285A8","C-x 8 RET 2168 RET","Number Forms (U+2150 to U+218F)" 
"U+2169","Ⅹ","E285A9","C-x 8 RET 2169 RET","Number Forms (U+2150 to U+218F)" 
"U+216A","Ⅺ","E285AA","C-x 8 RET 216A RET","Number Forms (U+2150 to U+218F)" 
"U+216B","Ⅻ","E285AB","C-x 8 RET 216B RET","Number Forms (U+2150 to U+218F)" 
"U+216C","Ⅼ","E285AC","C-x 8 RET 216C RET","Number Forms (U+2150 to U+218F)" 
"U+216D","Ⅽ","E285AD","C-x 8 RET 216D RET","Number Forms (U+2150 to U+218F)" 
"U+216E","Ⅾ","E285AE","C-x 8 RET 216E RET","Number Forms (U+2150 to U+218F)" 
"U+216F","Ⅿ","E285AF","C-x 8 RET 216F RET","Number Forms (U+2150 to U+218F)" 
"U+2170","ⅰ","E285B0","C-x 8 RET 2170 RET","Number Forms (U+2150 to U+218F)" 
"U+2171","ⅱ","E285B1","C-x 8 RET 2171 RET","Number Forms (U+2150 to U+218F)" 
"U+2172","ⅲ","E285B2","C-x 8 RET 2172 RET","Number Forms (U+2150 to U+218F)" 
"U+2173","ⅳ","E285B3","C-x 8 RET 2173 RET","Number Forms (U+2150 to U+218F)" 
"U+2174","ⅴ","E285B4","C-x 8 RET 2174 RET","Number Forms (U+2150 to U+218F)" 
"U+2175","ⅵ","E285B5","C-x 8 RET 2175 RET","Number Forms (U+2150 to U+218F)" 
"U+2176","ⅶ","E285B6","C-x 8 RET 2176 RET","Number Forms (U+2150 to U+218F)" 
"U+2177","ⅷ","E285B7","C-x 8 RET 2177 RET","Number Forms (U+2150 to U+218F)" 
"U+2178","ⅸ","E285B8","C-x 8 RET 2178 RET","Number Forms (U+2150 to U+218F)" 
"U+2179","ⅹ","E285B9","C-x 8 RET 2179 RET","Number Forms (U+2150 to U+218F)" 
"U+217A","ⅺ","E285BA","C-x 8 RET 217A RET","Number Forms (U+2150 to U+218F)" 
"U+217B","ⅻ","E285BB","C-x 8 RET 217B RET","Number Forms (U+2150 to U+218F)" 
"U+217C","ⅼ","E285BC","C-x 8 RET 217C RET","Number Forms (U+2150 to U+218F)" 
"U+217D","ⅽ","E285BD","C-x 8 RET 217D RET","Number Forms (U+2150 to U+218F)" 
"U+217E","ⅾ","E285BE","C-x 8 RET 217E RET","Number Forms (U+2150 to U+218F)" 
"U+217F","ⅿ","E285BF","C-x 8 RET 217F RET","Number Forms (U+2150 to U+218F)" 
"U+2180","ↀ","E28680","C-x 8 RET 2180 RET","Number Forms (U+2150 to U+218F)" 
"U+2181","ↁ","E28681","C-x 8 RET 2181 RET","Number Forms (U+2150 to U+218F)" 
"U+2182","ↂ","E28682","C-x 8 RET 2182 RET","Number Forms (U+2150 to U+218F)" 
"U+2183","Ↄ","E28683","C-x 8 RET 2183 RET","Number Forms (U+2150 to U+218F)" 
"U+2184","ↄ","E28684","C-x 8 RET 2184 RET","Number Forms (U+2150 to U+218F)" 
"U+2185","ↅ","E28685","C-x 8 RET 2185 RET","Number Forms (U+2150 to U+218F)" 
"U+2186","ↆ","E28686","C-x 8 RET 2186 RET","Number Forms (U+2150 to U+218F)" 
"U+2187","ↇ","E28687","C-x 8 RET 2187 RET","Number Forms (U+2150 to U+218F)" 
"U+2188","ↈ","E28688","C-x 8 RET 2188 RET","Number Forms (U+2150 to U+218F)" 
"U+2189","↉","E28689","C-x 8 RET 2189 RET","Number Forms (U+2150 to U+218F)" 
"U+218A","↊","E2868A","C-x 8 RET 218A RET","Number Forms (U+2150 to U+218F)" 
"U+218B","↋","E2868B","C-x 8 RET 218B RET","Number Forms (U+2150 to U+218F)" 
"U+218C","↌","E2868C","C-x 8 RET 218C RET","Number Forms (U+2150 to U+218F)" 
"U+218D","↍","E2868D","C-x 8 RET 218D RET","Number Forms (U+2150 to U+218F)" 
"U+218E","↎","E2868E","C-x 8 RET 218E RET","Number Forms (U+2150 to U+218F)" 
"U+218F","↏","E2868F","C-x 8 RET 218F RET","Number Forms (U+2150 to U+218F)" 
"U+2190","←","E28690","C-x 8 RET 2190 RET","Arrows (U+2190 to U+21FF)" 
"U+2191","↑","E28691","C-x 8 RET 2191 RET","Arrows (U+2190 to U+21FF)" 
"U+2192","→","E28692","C-x 8 RET 2192 RET","Arrows (U+2190 to U+21FF)" 
"U+2193","↓","E28693","C-x 8 RET 2193 RET","Arrows (U+2190 to U+21FF)" 
"U+2194","↔","E28694","C-x 8 RET 2194 RET","Arrows (U+2190 to U+21FF)" 
"U+2195","↕","E28695","C-x 8 RET 2195 RET","Arrows (U+2190 to U+21FF)" 
"U+2196","↖","E28696","C-x 8 RET 2196 RET","Arrows (U+2190 to U+21FF)" 
"U+2197","↗","E28697","C-x 8 RET 2197 RET","Arrows (U+2190 to U+21FF)" 
"U+2198","↘","E28698","C-x 8 RET 2198 RET","Arrows (U+2190 to U+21FF)" 
"U+2199","↙","E28699","C-x 8 RET 2199 RET","Arrows (U+2190 to U+21FF)" 
"U+219A","↚","E2869A","C-x 8 RET 219A RET","Arrows (U+2190 to U+21FF)" 
"U+219B","↛","E2869B","C-x 8 RET 219B RET","Arrows (U+2190 to U+21FF)" 
"U+219C","↜","E2869C","C-x 8 RET 219C RET","Arrows (U+2190 to U+21FF)" 
"U+219D","↝","E2869D","C-x 8 RET 219D RET","Arrows (U+2190 to U+21FF)" 
"U+219E","↞","E2869E","C-x 8 RET 219E RET","Arrows (U+2190 to U+21FF)" 
"U+219F","↟","E2869F","C-x 8 RET 219F RET","Arrows (U+2190 to U+21FF)" 
"U+21A0","↠","E286A0","C-x 8 RET 21A0 RET","Arrows (U+2190 to U+21FF)" 
"U+21A1","↡","E286A1","C-x 8 RET 21A1 RET","Arrows (U+2190 to U+21FF)" 
"U+21A2","↢","E286A2","C-x 8 RET 21A2 RET","Arrows (U+2190 to U+21FF)" 
"U+21A3","↣","E286A3","C-x 8 RET 21A3 RET","Arrows (U+2190 to U+21FF)" 
"U+21A4","↤","E286A4","C-x 8 RET 21A4 RET","Arrows (U+2190 to U+21FF)" 
"U+21A5","↥","E286A5","C-x 8 RET 21A5 RET","Arrows (U+2190 to U+21FF)" 
"U+21A6","↦","E286A6","C-x 8 RET 21A6 RET","Arrows (U+2190 to U+21FF)" 
"U+21A7","↧","E286A7","C-x 8 RET 21A7 RET","Arrows (U+2190 to U+21FF)" 
"U+21A8","↨","E286A8","C-x 8 RET 21A8 RET","Arrows (U+2190 to U+21FF)" 
"U+21A9","↩","E286A9","C-x 8 RET 21A9 RET","Arrows (U+2190 to U+21FF)" 
"U+21AA","↪","E286AA","C-x 8 RET 21AA RET","Arrows (U+2190 to U+21FF)" 
"U+21AB","↫","E286AB","C-x 8 RET 21AB RET","Arrows (U+2190 to U+21FF)" 
"U+21AC","↬","E286AC","C-x 8 RET 21AC RET","Arrows (U+2190 to U+21FF)" 
"U+21AD","↭","E286AD","C-x 8 RET 21AD RET","Arrows (U+2190 to U+21FF)" 
"U+21AE","↮","E286AE","C-x 8 RET 21AE RET","Arrows (U+2190 to U+21FF)" 
"U+21AF","↯","E286AF","C-x 8 RET 21AF RET","Arrows (U+2190 to U+21FF)" 
"U+21B0","↰","E286B0","C-x 8 RET 21B0 RET","Arrows (U+2190 to U+21FF)" 
"U+21B1","↱","E286B1","C-x 8 RET 21B1 RET","Arrows (U+2190 to U+21FF)" 
"U+21B2","↲","E286B2","C-x 8 RET 21B2 RET","Arrows (U+2190 to U+21FF)" 
"U+21B3","↳","E286B3","C-x 8 RET 21B3 RET","Arrows (U+2190 to U+21FF)" 
"U+21B4","↴","E286B4","C-x 8 RET 21B4 RET","Arrows (U+2190 to U+21FF)" 
"U+21B5","↵","E286B5","C-x 8 RET 21B5 RET","Arrows (U+2190 to U+21FF)" 
"U+21B6","↶","E286B6","C-x 8 RET 21B6 RET","Arrows (U+2190 to U+21FF)" 
"U+21B7","↷","E286B7","C-x 8 RET 21B7 RET","Arrows (U+2190 to U+21FF)" 
"U+21B8","↸","E286B8","C-x 8 RET 21B8 RET","Arrows (U+2190 to U+21FF)" 
"U+21B9","↹","E286B9","C-x 8 RET 21B9 RET","Arrows (U+2190 to U+21FF)" 
"U+21BA","↺","E286BA","C-x 8 RET 21BA RET","Arrows (U+2190 to U+21FF)" 
"U+21BB","↻","E286BB","C-x 8 RET 21BB RET","Arrows (U+2190 to U+21FF)" 
"U+21BC","↼","E286BC","C-x 8 RET 21BC RET","Arrows (U+2190 to U+21FF)" 
"U+21BD","↽","E286BD","C-x 8 RET 21BD RET","Arrows (U+2190 to U+21FF)" 
"U+21BE","↾","E286BE","C-x 8 RET 21BE RET","Arrows (U+2190 to U+21FF)" 
"U+21BF","↿","E286BF","C-x 8 RET 21BF RET","Arrows (U+2190 to U+21FF)" 
"U+21C0","⇀","E28780","C-x 8 RET 21C0 RET","Arrows (U+2190 to U+21FF)" 
"U+21C1","⇁","E28781","C-x 8 RET 21C1 RET","Arrows (U+2190 to U+21FF)" 
"U+21C2","⇂","E28782","C-x 8 RET 21C2 RET","Arrows (U+2190 to U+21FF)" 
"U+21C3","⇃","E28783","C-x 8 RET 21C3 RET","Arrows (U+2190 to U+21FF)" 
"U+21C4","⇄","E28784","C-x 8 RET 21C4 RET","Arrows (U+2190 to U+21FF)" 
"U+21C5","⇅","E28785","C-x 8 RET 21C5 RET","Arrows (U+2190 to U+21FF)" 
"U+21C6","⇆","E28786","C-x 8 RET 21C6 RET","Arrows (U+2190 to U+21FF)" 
"U+21C7","⇇","E28787","C-x 8 RET 21C7 RET","Arrows (U+2190 to U+21FF)" 
"U+21C8","⇈","E28788","C-x 8 RET 21C8 RET","Arrows (U+2190 to U+21FF)" 
"U+21C9","⇉","E28789","C-x 8 RET 21C9 RET","Arrows (U+2190 to U+21FF)" 
"U+21CA","⇊","E2878A","C-x 8 RET 21CA RET","Arrows (U+2190 to U+21FF)" 
"U+21CB","⇋","E2878B","C-x 8 RET 21CB RET","Arrows (U+2190 to U+21FF)" 
"U+21CC","⇌","E2878C","C-x 8 RET 21CC RET","Arrows (U+2190 to U+21FF)" 
"U+21CD","⇍","E2878D","C-x 8 RET 21CD RET","Arrows (U+2190 to U+21FF)" 
"U+21CE","⇎","E2878E","C-x 8 RET 21CE RET","Arrows (U+2190 to U+21FF)" 
"U+21CF","⇏","E2878F","C-x 8 RET 21CF RET","Arrows (U+2190 to U+21FF)" 
"U+21D0","⇐","E28790","C-x 8 RET 21D0 RET","Arrows (U+2190 to U+21FF)" 
"U+21D1","⇑","E28791","C-x 8 RET 21D1 RET","Arrows (U+2190 to U+21FF)" 
"U+21D2","⇒","E28792","C-x 8 RET 21D2 RET","Arrows (U+2190 to U+21FF)" 
"U+21D3","⇓","E28793","C-x 8 RET 21D3 RET","Arrows (U+2190 to U+21FF)" 
"U+21D4","⇔","E28794","C-x 8 RET 21D4 RET","Arrows (U+2190 to U+21FF)" 
"U+21D5","⇕","E28795","C-x 8 RET 21D5 RET","Arrows (U+2190 to U+21FF)" 
"U+21D6","⇖","E28796","C-x 8 RET 21D6 RET","Arrows (U+2190 to U+21FF)" 
"U+21D7","⇗","E28797","C-x 8 RET 21D7 RET","Arrows (U+2190 to U+21FF)" 
"U+21D8","⇘","E28798","C-x 8 RET 21D8 RET","Arrows (U+2190 to U+21FF)" 
"U+21D9","⇙","E28799","C-x 8 RET 21D9 RET","Arrows (U+2190 to U+21FF)" 
"U+21DA","⇚","E2879A","C-x 8 RET 21DA RET","Arrows (U+2190 to U+21FF)" 
"U+21DB","⇛","E2879B","C-x 8 RET 21DB RET","Arrows (U+2190 to U+21FF)" 
"U+21DC","⇜","E2879C","C-x 8 RET 21DC RET","Arrows (U+2190 to U+21FF)" 
"U+21DD","⇝","E2879D","C-x 8 RET 21DD RET","Arrows (U+2190 to U+21FF)" 
"U+21DE","⇞","E2879E","C-x 8 RET 21DE RET","Arrows (U+2190 to U+21FF)" 
"U+21DF","⇟","E2879F","C-x 8 RET 21DF RET","Arrows (U+2190 to U+21FF)" 
"U+21E0","⇠","E287A0","C-x 8 RET 21E0 RET","Arrows (U+2190 to U+21FF)" 
"U+21E1","⇡","E287A1","C-x 8 RET 21E1 RET","Arrows (U+2190 to U+21FF)" 
"U+21E2","⇢","E287A2","C-x 8 RET 21E2 RET","Arrows (U+2190 to U+21FF)" 
"U+21E3","⇣","E287A3","C-x 8 RET 21E3 RET","Arrows (U+2190 to U+21FF)" 
"U+21E4","⇤","E287A4","C-x 8 RET 21E4 RET","Arrows (U+2190 to U+21FF)" 
"U+21E5","⇥","E287A5","C-x 8 RET 21E5 RET","Arrows (U+2190 to U+21FF)" 
"U+21E6","⇦","E287A6","C-x 8 RET 21E6 RET","Arrows (U+2190 to U+21FF)" 
"U+21E7","⇧","E287A7","C-x 8 RET 21E7 RET","Arrows (U+2190 to U+21FF)" 
"U+21E8","⇨","E287A8","C-x 8 RET 21E8 RET","Arrows (U+2190 to U+21FF)" 
"U+21E9","⇩","E287A9","C-x 8 RET 21E9 RET","Arrows (U+2190 to U+21FF)" 
"U+21EA","⇪","E287AA","C-x 8 RET 21EA RET","Arrows (U+2190 to U+21FF)" 
"U+21EB","⇫","E287AB","C-x 8 RET 21EB RET","Arrows (U+2190 to U+21FF)" 
"U+21EC","⇬","E287AC","C-x 8 RET 21EC RET","Arrows (U+2190 to U+21FF)" 
"U+21ED","⇭","E287AD","C-x 8 RET 21ED RET","Arrows (U+2190 to U+21FF)" 
"U+21EE","⇮","E287AE","C-x 8 RET 21EE RET","Arrows (U+2190 to U+21FF)" 
"U+21EF","⇯","E287AF","C-x 8 RET 21EF RET","Arrows (U+2190 to U+21FF)" 
"U+21F0","⇰","E287B0","C-x 8 RET 21F0 RET","Arrows (U+2190 to U+21FF)" 
"U+21F1","⇱","E287B1","C-x 8 RET 21F1 RET","Arrows (U+2190 to U+21FF)" 
"U+21F2","⇲","E287B2","C-x 8 RET 21F2 RET","Arrows (U+2190 to U+21FF)" 
"U+21F3","⇳","E287B3","C-x 8 RET 21F3 RET","Arrows (U+2190 to U+21FF)" 
"U+21F4","⇴","E287B4","C-x 8 RET 21F4 RET","Arrows (U+2190 to U+21FF)" 
"U+21F5","⇵","E287B5","C-x 8 RET 21F5 RET","Arrows (U+2190 to U+21FF)" 
"U+21F6","⇶","E287B6","C-x 8 RET 21F6 RET","Arrows (U+2190 to U+21FF)" 
"U+21F7","⇷","E287B7","C-x 8 RET 21F7 RET","Arrows (U+2190 to U+21FF)" 
"U+21F8","⇸","E287B8","C-x 8 RET 21F8 RET","Arrows (U+2190 to U+21FF)" 
"U+21F9","⇹","E287B9","C-x 8 RET 21F9 RET","Arrows (U+2190 to U+21FF)" 
"U+21FA","⇺","E287BA","C-x 8 RET 21FA RET","Arrows (U+2190 to U+21FF)" 
"U+21FB","⇻","E287BB","C-x 8 RET 21FB RET","Arrows (U+2190 to U+21FF)" 
"U+21FC","⇼","E287BC","C-x 8 RET 21FC RET","Arrows (U+2190 to U+21FF)" 
"U+21FD","⇽","E287BD","C-x 8 RET 21FD RET","Arrows (U+2190 to U+21FF)" 
"U+21FE","⇾","E287BE","C-x 8 RET 21FE RET","Arrows (U+2190 to U+21FF)" 
"U+21FF","⇿","E287BF","C-x 8 RET 21FF RET","Arrows (U+2190 to U+21FF)" 
"U+27F0","⟰","E29FB0","C-x 8 RET 27F0 RET","Supplemental Arrows-A (U+27F0 to U+27FF)" 
"U+27F1","⟱","E29FB1","C-x 8 RET 27F1 RET","Supplemental Arrows-A (U+27F0 to U+27FF)" 
"U+27F2","⟲","E29FB2","C-x 8 RET 27F2 RET","Supplemental Arrows-A (U+27F0 to U+27FF)" 
"U+27F3","⟳","E29FB3","C-x 8 RET 27F3 RET","Supplemental Arrows-A (U+27F0 to U+27FF)" 
"U+27F4","⟴","E29FB4","C-x 8 RET 27F4 RET","Supplemental Arrows-A (U+27F0 to U+27FF)" 
"U+27F5","⟵","E29FB5","C-x 8 RET 27F5 RET","Supplemental Arrows-A (U+27F0 to U+27FF)" 
"U+27F6","⟶","E29FB6","C-x 8 RET 27F6 RET","Supplemental Arrows-A (U+27F0 to U+27FF)" 
"U+27F7","⟷","E29FB7","C-x 8 RET 27F7 RET","Supplemental Arrows-A (U+27F0 to U+27FF)" 
"U+27F8","⟸","E29FB8","C-x 8 RET 27F8 RET","Supplemental Arrows-A (U+27F0 to U+27FF)" 
"U+27F9","⟹","E29FB9","C-x 8 RET 27F9 RET","Supplemental Arrows-A (U+27F0 to U+27FF)" 
"U+27FA","⟺","E29FBA","C-x 8 RET 27FA RET","Supplemental Arrows-A (U+27F0 to U+27FF)" 
"U+27FB","⟻","E29FBB","C-x 8 RET 27FB RET","Supplemental Arrows-A (U+27F0 to U+27FF)" 
"U+27FC","⟼","E29FBC","C-x 8 RET 27FC RET","Supplemental Arrows-A (U+27F0 to U+27FF)" 
"U+27FD","⟽","E29FBD","C-x 8 RET 27FD RET","Supplemental Arrows-A (U+27F0 to U+27FF)" 
"U+27FE","⟾","E29FBE","C-x 8 RET 27FE RET","Supplemental Arrows-A (U+27F0 to U+27FF)" 
"U+27FF","⟿","E29FBF","C-x 8 RET 27FF RET","Supplemental Arrows-A (U+27F0 to U+27FF)" 
"U+2900","⤀","E2A480","C-x 8 RET 2900 RET","Supplemental Arrows-B (U+2900 to U+297F)" 
"U+2901","⤁","E2A481","C-x 8 RET 2901 RET","Supplemental Arrows-B (U+2900 to U+297F)" 
"U+2902","⤂","E2A482","C-x 8 RET 2902 RET","Supplemental Arrows-B (U+2900 to U+297F)" 
"U+2903","⤃","E2A483","C-x 8 RET 2903 RET","Supplemental Arrows-B (U+2900 to U+297F)" 
"U+2904","⤄","E2A484","C-x 8 RET 2904 RET","Supplemental Arrows-B (U+2900 to U+297F)" 
"U+2905","⤅","E2A485","C-x 8 RET 2905 RET","Supplemental Arrows-B (U+2900 to U+297F)" 
"U+2906","⤆","E2A486","C-x 8 RET 2906 RET","Supplemental Arrows-B (U+2900 to U+297F)" 
"U+2907","⤇","E2A487","C-x 8 RET 2907 RET","Supplemental Arrows-B (U+2900 to U+297F)" 
"U+2908","⤈","E2A488","C-x 8 RET 2908 RET","Supplemental Arrows-B (U+2900 to U+297F)" 
"U+2909","⤉","E2A489","C-x 8 RET 2909 RET","Supplemental Arrows-B (U+2900 to U+297F)" 
"U+290A","⤊","E2A48A","C-x 8 RET 290A RET","Supplemental Arrows-B (U+2900 to U+297F)" 
"U+290B","⤋","E2A48B","C-x 8 RET 290B RET","Supplemental Arrows-B (U+2900 to U+297F)" 
"U+290C","⤌","E2A48C","C-x 8 RET 290C RET","Supplemental Arrows-B (U+2900 to U+297F)" 
"U+290D","⤍","E2A48D","C-x 8 RET 290D RET","Supplemental Arrows-B (U+2900 to U+297F)" 
"U+290E","⤎","E2A48E","C-x 8 RET 290E RET","Supplemental Arrows-B (U+2900 to U+297F)" 
"U+290F","⤏","E2A48F","C-x 8 RET 290F RET","Supplemental Arrows-B (U+2900 to U+297F)" 
"U+2910","⤐","E2A490","C-x 8 RET 2910 RET","Supplemental Arrows-B (U+2900 to U+297F)" 
"U+2911","⤑","E2A491","C-x 8 RET 2911 RET","Supplemental Arrows-B (U+2900 to U+297F)" 
"U+2912","⤒","E2A492","C-x 8 RET 2912 RET","Supplemental Arrows-B (U+2900 to U+297F)" 
"U+2913","⤓","E2A493","C-x 8 RET 2913 RET","Supplemental Arrows-B (U+2900 to U+297F)" 
"U+2914","⤔","E2A494","C-x 8 RET 2914 RET","Supplemental Arrows-B (U+2900 to U+297F)" 
"U+2915","⤕","E2A495","C-x 8 RET 2915 RET","Supplemental Arrows-B (U+2900 to U+297F)" 
"U+2916","⤖","E2A496","C-x 8 RET 2916 RET","Supplemental Arrows-B (U+2900 to U+297F)" 
"U+2917","⤗","E2A497","C-x 8 RET 2917 RET","Supplemental Arrows-B (U+2900 to U+297F)" 
"U+2918","⤘","E2A498","C-x 8 RET 2918 RET","Supplemental Arrows-B (U+2900 to U+297F)" 
"U+2919","⤙","E2A499","C-x 8 RET 2919 RET","Supplemental Arrows-B (U+2900 to U+297F)" 
"U+291A","⤚","E2A49A","C-x 8 RET 291A RET","Supplemental Arrows-B (U+2900 to U+297F)" 
"U+291B","⤛","E2A49B","C-x 8 RET 291B RET","Supplemental Arrows-B (U+2900 to U+297F)" 
"U+291C","⤜","E2A49C","C-x 8 RET 291C RET","Supplemental Arrows-B (U+2900 to U+297F)" 
"U+291D","⤝","E2A49D","C-x 8 RET 291D RET","Supplemental Arrows-B (U+2900 to U+297F)" 
"U+291E","⤞","E2A49E","C-x 8 RET 291E RET","Supplemental Arrows-B (U+2900 to U+297F)" 
"U+291F","⤟","E2A49F","C-x 8 RET 291F RET","Supplemental Arrows-B (U+2900 to U+297F)" 
"U+2920","⤠","E2A4A0","C-x 8 RET 2920 RET","Supplemental Arrows-B (U+2900 to U+297F)" 
"U+2921","⤡","E2A4A1","C-x 8 RET 2921 RET","Supplemental Arrows-B (U+2900 to U+297F)" 
"U+2922","⤢","E2A4A2","C-x 8 RET 2922 RET","Supplemental Arrows-B (U+2900 to U+297F)" 
"U+2923","⤣","E2A4A3","C-x 8 RET 2923 RET","Supplemental Arrows-B (U+2900 to U+297F)" 
"U+2924","⤤","E2A4A4","C-x 8 RET 2924 RET","Supplemental Arrows-B (U+2900 to U+297F)" 
"U+2925","⤥","E2A4A5","C-x 8 RET 2925 RET","Supplemental Arrows-B (U+2900 to U+297F)" 
"U+2926","⤦","E2A4A6","C-x 8 RET 2926 RET","Supplemental Arrows-B (U+2900 to U+297F)" 
"U+2927","⤧","E2A4A7","C-x 8 RET 2927 RET","Supplemental Arrows-B (U+2900 to U+297F)" 
"U+2928","⤨","E2A4A8","C-x 8 RET 2928 RET","Supplemental Arrows-B (U+2900 to U+297F)" 
"U+2929","⤩","E2A4A9","C-x 8 RET 2929 RET","Supplemental Arrows-B (U+2900 to U+297F)" 
"U+292A","⤪","E2A4AA","C-x 8 RET 292A RET","Supplemental Arrows-B (U+2900 to U+297F)" 
"U+292B","⤫","E2A4AB","C-x 8 RET 292B RET","Supplemental Arrows-B (U+2900 to U+297F)" 
"U+292C","⤬","E2A4AC","C-x 8 RET 292C RET","Supplemental Arrows-B (U+2900 to U+297F)" 
"U+292D","⤭","E2A4AD","C-x 8 RET 292D RET","Supplemental Arrows-B (U+2900 to U+297F)" 
"U+292E","⤮","E2A4AE","C-x 8 RET 292E RET","Supplemental Arrows-B (U+2900 to U+297F)" 
"U+292F","⤯","E2A4AF","C-x 8 RET 292F RET","Supplemental Arrows-B (U+2900 to U+297F)" 
"U+2930","⤰","E2A4B0","C-x 8 RET 2930 RET","Supplemental Arrows-B (U+2900 to U+297F)" 
"U+2931","⤱","E2A4B1","C-x 8 RET 2931 RET","Supplemental Arrows-B (U+2900 to U+297F)" 
"U+2932","⤲","E2A4B2","C-x 8 RET 2932 RET","Supplemental Arrows-B (U+2900 to U+297F)" 
"U+2933","⤳","E2A4B3","C-x 8 RET 2933 RET","Supplemental Arrows-B (U+2900 to U+297F)" 
"U+2934","⤴","E2A4B4","C-x 8 RET 2934 RET","Supplemental Arrows-B (U+2900 to U+297F)" 
"U+2935","⤵","E2A4B5","C-x 8 RET 2935 RET","Supplemental Arrows-B (U+2900 to U+297F)" 
"U+2936","⤶","E2A4B6","C-x 8 RET 2936 RET","Supplemental Arrows-B (U+2900 to U+297F)" 
"U+2937","⤷","E2A4B7","C-x 8 RET 2937 RET","Supplemental Arrows-B (U+2900 to U+297F)" 
"U+2938","⤸","E2A4B8","C-x 8 RET 2938 RET","Supplemental Arrows-B (U+2900 to U+297F)" 
"U+2939","⤹","E2A4B9","C-x 8 RET 2939 RET","Supplemental Arrows-B (U+2900 to U+297F)" 
"U+293A","⤺","E2A4BA","C-x 8 RET 293A RET","Supplemental Arrows-B (U+2900 to U+297F)" 
"U+293B","⤻","E2A4BB","C-x 8 RET 293B RET","Supplemental Arrows-B (U+2900 to U+297F)" 
"U+293C","⤼","E2A4BC","C-x 8 RET 293C RET","Supplemental Arrows-B (U+2900 to U+297F)" 
"U+293D","⤽","E2A4BD","C-x 8 RET 293D RET","Supplemental Arrows-B (U+2900 to U+297F)" 
"U+293E","⤾","E2A4BE","C-x 8 RET 293E RET","Supplemental Arrows-B (U+2900 to U+297F)" 
"U+293F","⤿","E2A4BF","C-x 8 RET 293F RET","Supplemental Arrows-B (U+2900 to U+297F)" 
"U+2940","⥀","E2A580","C-x 8 RET 2940 RET","Supplemental Arrows-B (U+2900 to U+297F)" 
"U+2941","⥁","E2A581","C-x 8 RET 2941 RET","Supplemental Arrows-B (U+2900 to U+297F)" 
"U+2942","⥂","E2A582","C-x 8 RET 2942 RET","Supplemental Arrows-B (U+2900 to U+297F)" 
"U+2943","⥃","E2A583","C-x 8 RET 2943 RET","Supplemental Arrows-B (U+2900 to U+297F)" 
"U+2944","⥄","E2A584","C-x 8 RET 2944 RET","Supplemental Arrows-B (U+2900 to U+297F)" 
"U+2945","⥅","E2A585","C-x 8 RET 2945 RET","Supplemental Arrows-B (U+2900 to U+297F)" 
"U+2946","⥆","E2A586","C-x 8 RET 2946 RET","Supplemental Arrows-B (U+2900 to U+297F)" 
"U+2947","⥇","E2A587","C-x 8 RET 2947 RET","Supplemental Arrows-B (U+2900 to U+297F)" 
"U+2948","⥈","E2A588","C-x 8 RET 2948 RET","Supplemental Arrows-B (U+2900 to U+297F)" 
"U+2949","⥉","E2A589","C-x 8 RET 2949 RET","Supplemental Arrows-B (U+2900 to U+297F)" 
"U+294A","⥊","E2A58A","C-x 8 RET 294A RET","Supplemental Arrows-B (U+2900 to U+297F)" 
"U+294B","⥋","E2A58B","C-x 8 RET 294B RET","Supplemental Arrows-B (U+2900 to U+297F)" 
"U+294C","⥌","E2A58C","C-x 8 RET 294C RET","Supplemental Arrows-B (U+2900 to U+297F)" 
"U+294D","⥍","E2A58D","C-x 8 RET 294D RET","Supplemental Arrows-B (U+2900 to U+297F)" 
"U+294E","⥎","E2A58E","C-x 8 RET 294E RET","Supplemental Arrows-B (U+2900 to U+297F)" 
"U+294F","⥏","E2A58F","C-x 8 RET 294F RET","Supplemental Arrows-B (U+2900 to U+297F)" 
"U+2950","⥐","E2A590","C-x 8 RET 2950 RET","Supplemental Arrows-B (U+2900 to U+297F)" 
"U+2951","⥑","E2A591","C-x 8 RET 2951 RET","Supplemental Arrows-B (U+2900 to U+297F)" 
"U+2952","⥒","E2A592","C-x 8 RET 2952 RET","Supplemental Arrows-B (U+2900 to U+297F)" 
"U+2953","⥓","E2A593","C-x 8 RET 2953 RET","Supplemental Arrows-B (U+2900 to U+297F)" 
"U+2954","⥔","E2A594","C-x 8 RET 2954 RET","Supplemental Arrows-B (U+2900 to U+297F)" 
"U+2955","⥕","E2A595","C-x 8 RET 2955 RET","Supplemental Arrows-B (U+2900 to U+297F)" 
"U+2956","⥖","E2A596","C-x 8 RET 2956 RET","Supplemental Arrows-B (U+2900 to U+297F)" 
"U+2957","⥗","E2A597","C-x 8 RET 2957 RET","Supplemental Arrows-B (U+2900 to U+297F)" 
"U+2958","⥘","E2A598","C-x 8 RET 2958 RET","Supplemental Arrows-B (U+2900 to U+297F)" 
"U+2959","⥙","E2A599","C-x 8 RET 2959 RET","Supplemental Arrows-B (U+2900 to U+297F)" 
"U+295A","⥚","E2A59A","C-x 8 RET 295A RET","Supplemental Arrows-B (U+2900 to U+297F)" 
"U+295B","⥛","E2A59B","C-x 8 RET 295B RET","Supplemental Arrows-B (U+2900 to U+297F)" 
"U+295C","⥜","E2A59C","C-x 8 RET 295C RET","Supplemental Arrows-B (U+2900 to U+297F)" 
"U+295D","⥝","E2A59D","C-x 8 RET 295D RET","Supplemental Arrows-B (U+2900 to U+297F)" 
"U+295E","⥞","E2A59E","C-x 8 RET 295E RET","Supplemental Arrows-B (U+2900 to U+297F)" 
"U+295F","⥟","E2A59F","C-x 8 RET 295F RET","Supplemental Arrows-B (U+2900 to U+297F)" 
"U+2960","⥠","E2A5A0","C-x 8 RET 2960 RET","Supplemental Arrows-B (U+2900 to U+297F)" 
"U+2961","⥡","E2A5A1","C-x 8 RET 2961 RET","Supplemental Arrows-B (U+2900 to U+297F)" 
"U+2962","⥢","E2A5A2","C-x 8 RET 2962 RET","Supplemental Arrows-B (U+2900 to U+297F)" 
"U+2963","⥣","E2A5A3","C-x 8 RET 2963 RET","Supplemental Arrows-B (U+2900 to U+297F)" 
"U+2964","⥤","E2A5A4","C-x 8 RET 2964 RET","Supplemental Arrows-B (U+2900 to U+297F)" 
"U+2965","⥥","E2A5A5","C-x 8 RET 2965 RET","Supplemental Arrows-B (U+2900 to U+297F)" 
"U+2966","⥦","E2A5A6","C-x 8 RET 2966 RET","Supplemental Arrows-B (U+2900 to U+297F)" 
"U+2967","⥧","E2A5A7","C-x 8 RET 2967 RET","Supplemental Arrows-B (U+2900 to U+297F)" 
"U+2968","⥨","E2A5A8","C-x 8 RET 2968 RET","Supplemental Arrows-B (U+2900 to U+297F)" 
"U+2969","⥩","E2A5A9","C-x 8 RET 2969 RET","Supplemental Arrows-B (U+2900 to U+297F)" 
"U+296A","⥪","E2A5AA","C-x 8 RET 296A RET","Supplemental Arrows-B (U+2900 to U+297F)" 
"U+296B","⥫","E2A5AB","C-x 8 RET 296B RET","Supplemental Arrows-B (U+2900 to U+297F)" 
"U+296C","⥬","E2A5AC","C-x 8 RET 296C RET","Supplemental Arrows-B (U+2900 to U+297F)" 
"U+296D","⥭","E2A5AD","C-x 8 RET 296D RET","Supplemental Arrows-B (U+2900 to U+297F)" 
"U+296E","⥮","E2A5AE","C-x 8 RET 296E RET","Supplemental Arrows-B (U+2900 to U+297F)" 
"U+296F","⥯","E2A5AF","C-x 8 RET 296F RET","Supplemental Arrows-B (U+2900 to U+297F)" 
"U+2970","⥰","E2A5B0","C-x 8 RET 2970 RET","Supplemental Arrows-B (U+2900 to U+297F)" 
"U+2971","⥱","E2A5B1","C-x 8 RET 2971 RET","Supplemental Arrows-B (U+2900 to U+297F)" 
"U+2972","⥲","E2A5B2","C-x 8 RET 2972 RET","Supplemental Arrows-B (U+2900 to U+297F)" 
"U+2973","⥳","E2A5B3","C-x 8 RET 2973 RET","Supplemental Arrows-B (U+2900 to U+297F)" 
"U+2974","⥴","E2A5B4","C-x 8 RET 2974 RET","Supplemental Arrows-B (U+2900 to U+297F)" 
"U+2975","⥵","E2A5B5","C-x 8 RET 2975 RET","Supplemental Arrows-B (U+2900 to U+297F)" 
"U+2976","⥶","E2A5B6","C-x 8 RET 2976 RET","Supplemental Arrows-B (U+2900 to U+297F)" 
"U+2977","⥷","E2A5B7","C-x 8 RET 2977 RET","Supplemental Arrows-B (U+2900 to U+297F)" 
"U+2978","⥸","E2A5B8","C-x 8 RET 2978 RET","Supplemental Arrows-B (U+2900 to U+297F)" 
"U+2979","⥹","E2A5B9","C-x 8 RET 2979 RET","Supplemental Arrows-B (U+2900 to U+297F)" 
"U+297A","⥺","E2A5BA","C-x 8 RET 297A RET","Supplemental Arrows-B (U+2900 to U+297F)" 
"U+297B","⥻","E2A5BB","C-x 8 RET 297B RET","Supplemental Arrows-B (U+2900 to U+297F)" 
"U+297C","⥼","E2A5BC","C-x 8 RET 297C RET","Supplemental Arrows-B (U+2900 to U+297F)" 
"U+297D","⥽","E2A5BD","C-x 8 RET 297D RET","Supplemental Arrows-B (U+2900 to U+297F)" 
"U+297E","⥾","E2A5BE","C-x 8 RET 297E RET","Supplemental Arrows-B (U+2900 to U+297F)" 
"U+297F","⥿","E2A5BF","C-x 8 RET 297F RET","Supplemental Arrows-B (U+2900 to U+297F)" 
